Date,Fear Greed,Put Call,VIX
2011-01-03,68.0,0.4,17.610001
2011-01-04,68.0,0.43,17.379999
2011-01-05,67.0,0.48,17.02
2011-01-06,64.0,0.46,17.4
2011-01-07,63.0,0.5,17.139999
2011-01-10,58.0,0.54,17.540001
2011-01-11,58.0,0.53,16.889999
2011-01-12,58.0,0.45,16.24
2011-01-13,58.0,0.5,16.389999
2011-01-14,60.0,0.37,15.46
2011-01-18,56.0,0.44,15.87
2011-01-19,55.0,0.47,17.309999
2011-01-20,54.0,0.67,17.99
2011-01-21,47.0,0.55,18.469999
2011-01-24,45.0,0.51,17.65
2011-01-25,43.0,0.63,17.59
2011-01-26,43.0,0.58,16.639999
2011-01-27,43.0,0.56,16.15
2011-01-28,43.0,0.65,20.040001
2011-01-31,41.0,0.61,19.530001
2011-02-01,41.0,0.49,17.629999
2011-02-02,46.0,0.45,17.299999
2011-02-03,47.0,0.58,16.690001
2011-02-04,49.0,0.64,15.93
2011-02-07,56.0,0.46,16.280001
2011-02-08,56.0,0.52,15.81
2011-02-09,56.0,0.52,15.87
2011-02-10,56.0,0.55,16.09
2011-02-11,56.0,0.51,15.69
2011-02-14,61.0,0.51,15.95
2011-02-15,61.0,0.53,16.370001
2011-02-16,61.0,0.58,16.719999
2011-02-17,61.0,0.5,16.59
2011-02-18,56.0,0.61,16.43
2011-02-22,42.0,0.68,20.799999
2011-02-23,42.0,0.72,22.129999
2011-02-24,42.0,0.71,21.32
2011-02-25,42.0,0.49,19.219999
2011-02-28,43.0,0.53,18.35
2011-03-01,43.0,0.64,21.01
2011-03-02,42.0,0.55,20.700001
2011-03-03,41.0,0.55,18.6
2011-03-04,39.0,0.57,19.059999
2011-03-07,35.0,0.64,20.66
2011-03-08,27.0,0.54,19.82
2011-03-09,26.0,0.6,20.219999
2011-03-10,26.0,0.73,21.879999
2011-03-11,26.0,0.62,20.08
2011-03-14,13.0,0.67,21.129999
2011-03-15,13.0,0.71,24.32
2011-03-16,11.0,0.79,29.4
2011-03-17,9.0,0.71,26.370001
2011-03-18,9.0,0.67,24.440001
2011-03-21,14.0,0.49,20.610001
2011-03-22,15.0,0.55,20.209999
2011-03-23,16.0,0.59,19.17
2011-03-24,16.0,0.55,18.0
2011-03-25,19.0,0.53,17.91
2011-03-28,23.0,0.56,19.440001
2011-03-29,23.0,0.52,18.16
2011-03-30,24.0,0.54,17.709999
2011-03-31,24.0,0.56,17.74
2011-04-01,27.0,0.51,17.4
2011-04-04,31.0,0.59,17.5
2011-04-05,35.0,0.56,17.25
2011-04-06,37.0,0.55,16.9
2011-04-07,37.0,0.53,17.110001
2011-04-08,37.0,0.58,17.870001
2011-04-11,34.0,0.62,16.59
2011-04-12,33.0,0.58,17.09
2011-04-13,33.0,0.65,16.92
2011-04-14,30.0,0.69,16.27
2011-04-15,28.0,0.63,15.32
2011-04-18,24.0,0.6,16.959999
2011-04-19,24.0,0.64,15.83
2011-04-20,25.0,0.51,15.07
2011-04-21,30.0,0.62,14.69
2011-04-25,35.0,0.57,15.77
2011-04-26,36.0,0.57,15.62
2011-04-27,37.0,0.59,15.35
2011-04-28,37.0,0.54,14.62
2011-04-29,41.0,0.59,14.75
2011-05-02,36.0,0.5,15.99
2011-05-03,31.0,0.61,16.700001
2011-05-04,30.0,0.72,17.08
2011-05-05,29.0,0.65,18.200001
2011-05-06,27.0,0.62,18.4
2011-05-09,28.0,0.63,17.16
2011-05-10,31.0,0.58,15.91
2011-05-11,31.0,0.67,16.950001
2011-05-12,32.0,0.67,16.030001
2011-05-13,32.0,0.73,17.07
2011-05-16,27.0,0.61,18.24
2011-05-17,27.0,0.75,17.549999
2011-05-18,25.0,0.68,16.23
2011-05-19,23.0,0.7,15.52
2011-05-20,22.0,0.75,17.43
2011-05-23,16.0,0.69,18.27
2011-05-24,13.0,0.61,17.82
2011-05-25,13.0,0.51,17.07
2011-05-26,15.0,0.6,16.09
2011-05-27,16.0,0.51,15.98
2011-05-31,16.0,0.54,15.45
2011-06-01,15.0,0.76,18.299999
2011-06-02,12.0,0.71,18.09
2011-06-03,9.0,0.71,17.950001
2011-06-06,6.0,0.8,18.49
2011-06-07,6.0,0.74,18.07
2011-06-08,6.0,0.95,18.790001
2011-06-09,6.0,0.77,17.77
2011-06-10,5.0,1.01,18.860001
2011-06-13,6.0,0.73,19.610001
2011-06-14,5.0,0.65,18.26
2011-06-15,5.0,1.09,21.32
2011-06-16,6.0,1.03,22.73
2011-06-17,7.0,1.09,21.85
2011-06-20,9.0,0.57,19.99
2011-06-21,9.0,0.59,18.860001
2011-06-22,10.0,0.53,18.52
2011-06-23,10.0,0.65,19.290001
2011-06-24,11.0,0.7,21.1
2011-06-27,25.0,0.62,20.559999
2011-06-28,29.0,0.59,19.17
2011-06-29,30.0,0.56,17.27
2011-06-30,32.0,0.54,16.52
2011-07-01,34.0,0.55,15.87
2011-07-05,51.0,0.64,16.059999
2011-07-06,52.0,0.71,16.34
2011-07-07,48.0,0.56,15.95
2011-07-08,43.0,0.58,15.95
2011-07-11,35.0,0.74,18.389999
2011-07-12,31.0,0.67,19.870001
2011-07-13,31.0,0.67,19.91
2011-07-14,31.0,0.78,20.799999
2011-07-15,32.0,0.64,19.530001
2011-07-18,44.0,0.68,20.950001
2011-07-19,44.0,0.51,19.209999
2011-07-20,47.0,0.61,19.09
2011-07-21,48.0,0.56,17.559999
2011-07-22,51.0,0.6,17.52
2011-07-25,38.0,0.6,19.35
2011-07-26,35.0,0.58,20.23
2011-07-27,27.0,0.66,22.98
2011-07-28,27.0,0.68,23.74
2011-07-29,16.0,0.77,25.25
2011-08-01,10.0,0.76,23.66
2011-08-02,8.0,0.68,24.790001
2011-08-03,2.0,0.77,23.379999
2011-08-04,5.0,0.96,31.66
2011-08-05,5.0,0.94,32.0
2011-08-08,1.0,1.07,48.0
2011-08-09,2.0,0.85,35.060001
2011-08-10,2.0,0.81,42.990002
2011-08-11,3.0,0.62,39.0
2011-08-12,6.0,0.75,36.360001
2011-08-15,7.0,0.68,31.870001
2011-08-16,11.0,0.74,32.849998
2011-08-17,7.0,0.8,31.58
2011-08-18,7.0,0.96,42.669998
2011-08-19,6.0,1.03,43.049999
2011-08-22,7.0,0.73,42.439999
2011-08-23,9.0,0.67,36.27
2011-08-24,8.0,0.66,35.900002
2011-08-25,11.0,0.77,39.759998
2011-08-26,12.0,0.73,35.59
2011-08-29,22.0,0.54,32.279999
2011-08-30,22.0,0.72,32.889999
2011-08-31,28.0,0.65,31.620001
2011-09-01,26.0,0.69,31.82
2011-09-02,26.0,0.84,33.919998
2011-09-06,27.0,0.75,37.0
2011-09-07,28.0,0.62,33.380001
2011-09-08,25.0,0.71,34.32
2011-09-09,25.0,0.86,38.52
2011-09-12,31.0,0.72,38.59
2011-09-13,31.0,0.71,36.91
2011-09-14,31.0,0.64,34.599998
2011-09-15,33.0,0.68,31.969999
2011-09-16,38.0,0.67,30.98
2011-09-19,39.0,0.62,32.73
2011-09-20,32.0,0.63,32.860001
2011-09-21,31.0,0.79,37.32
2011-09-22,28.0,0.85,41.349998
2011-09-23,28.0,0.65,41.25
2011-09-26,26.0,0.59,39.02
2011-09-27,25.0,0.61,37.709999
2011-09-28,27.0,0.82,41.080002
2011-09-29,23.0,0.8,38.84
2011-09-30,22.0,0.81,42.959999
2011-10-03,20.0,0.85,45.450001
2011-10-04,23.0,0.77,40.82
2011-10-05,27.0,0.69,37.810001
2011-10-06,33.0,0.67,36.27
2011-10-07,31.0,0.71,36.200001
2011-10-10,41.0,0.63,33.02
2011-10-11,41.0,0.77,32.860001
2011-10-12,42.0,0.64,31.26
2011-10-13,42.0,0.71,30.700001
2011-10-14,41.0,0.6,28.24
2011-10-17,48.0,0.71,33.389999
2011-10-18,48.0,0.62,31.559999
2011-10-19,48.0,0.71,34.439999
2011-10-20,54.0,0.74,34.779999
2011-10-21,66.0,0.5,31.32
2011-10-24,62.0,0.52,29.26
2011-10-25,62.0,0.79,32.220001
2011-10-26,71.0,0.7,29.860001
2011-10-27,67.0,0.5,25.459999
2011-10-28,66.0,0.55,24.530001
2011-10-31,62.0,0.77,29.959999
2011-11-01,62.0,0.89,34.77
2011-11-02,62.0,0.68,32.740002
2011-11-03,63.0,0.63,30.5
2011-11-04,60.0,0.79,30.16
2011-11-07,65.0,0.65,29.85
2011-11-08,65.0,0.65,27.48
2011-11-09,59.0,0.91,36.16
2011-11-10,60.0,0.75,32.810001
2011-11-11,60.0,0.64,30.040001
2011-11-14,54.0,0.77,31.129999
2011-11-15,54.0,0.71,31.219999
2011-11-16,55.0,0.74,33.509998
2011-11-17,52.0,0.82,34.509998
2011-11-18,46.0,0.9,32.0
2011-11-21,43.0,0.66,32.91
2011-11-22,41.0,0.67,31.969999
2011-11-23,39.0,0.71,33.98
2011-11-25,51.0,0.75,34.470001
2011-11-28,57.0,0.65,32.130001
2011-11-29,62.0,0.61,30.639999
2011-11-30,67.0,0.55,27.799999
2011-12-01,61.0,0.63,27.41
2011-12-02,67.0,0.58,27.52
2011-12-05,66.0,0.67,27.84
2011-12-06,66.0,0.73,28.129999
2011-12-07,66.0,0.73,28.67
2011-12-08,66.0,0.76,30.59
2011-12-09,65.0,0.7,26.379999
2011-12-12,62.0,0.6,25.67
2011-12-13,56.0,0.78,25.41
2011-12-14,61.0,0.82,26.040001
2011-12-15,61.0,0.9,25.110001
2011-12-16,60.0,0.89,24.290001
2011-12-19,74.0,0.61,24.92
2011-12-20,74.0,0.53,23.219999
2011-12-21,74.0,0.72,21.43
2011-12-22,78.0,0.68,21.16
2011-12-23,77.0,0.63,20.73
2011-12-27,75.0,0.71,21.91
2011-12-28,75.0,0.68,23.52
2011-12-29,75.0,0.69,22.65
2011-12-30,75.0,0.54,23.4
2012-01-03,77.0,0.55,22.969999
2012-01-04,77.0,0.74,22.219999
2012-01-05,78.0,0.61,21.48
2012-01-06,78.0,0.62,20.629999
2012-01-09,81.0,0.66,21.07
2012-01-10,82.0,0.57,20.690001
2012-01-11,83.0,0.54,21.049999
2012-01-12,83.0,0.57,20.469999
2012-01-13,83.0,0.6,20.91
2012-01-17,88.0,0.59,22.200001
2012-01-18,90.0,0.55,20.889999
2012-01-19,89.0,0.48,19.870001
2012-01-20,88.0,0.52,18.280001
2012-01-23,87.0,0.64,18.67
2012-01-24,87.0,0.62,18.91
2012-01-25,84.0,0.57,18.309999
2012-01-26,82.0,0.65,18.57
2012-01-27,82.0,0.6,18.530001
2012-01-30,82.0,0.67,19.4
2012-01-31,85.0,0.61,19.440001
2012-02-01,87.0,0.61,18.549999
2012-02-02,88.0,0.62,17.98
2012-02-03,88.0,0.51,17.1
2012-02-06,88.0,0.55,17.76
2012-02-07,86.0,0.58,17.65
2012-02-08,86.0,0.54,18.16
2012-02-09,85.0,0.55,18.629999
2012-02-10,83.0,0.75,20.790001
2012-02-13,83.0,0.53,19.040001
2012-02-14,81.0,0.6,19.540001
2012-02-15,82.0,0.63,21.139999
2012-02-16,81.0,0.62,19.219999
2012-02-17,80.0,0.51,17.780001
2012-02-21,79.0,0.61,18.190001
2012-02-22,78.0,0.63,18.190001
2012-02-23,79.0,0.67,16.799999
2012-02-24,79.0,0.69,17.309999
2012-02-27,75.0,0.64,18.190001
2012-02-28,75.0,0.57,17.959999
2012-02-29,72.0,0.67,18.43
2012-03-01,70.0,0.64,17.26
2012-03-02,68.0,0.6,17.290001
2012-03-05,66.0,0.73,18.049999
2012-03-06,63.0,0.78,20.870001
2012-03-07,62.0,0.62,19.07
2012-03-08,63.0,0.61,17.950001
2012-03-09,70.0,0.63,17.110001
2012-03-12,74.0,0.7,15.64
2012-03-13,79.0,0.59,14.8
2012-03-14,79.0,0.54,15.31
2012-03-15,79.0,0.52,15.42
2012-03-16,77.0,0.46,14.47
2012-03-19,73.0,0.5,15.04
2012-03-20,73.0,0.52,15.58
2012-03-21,71.0,0.55,15.13
2012-03-22,66.0,0.68,15.57
2012-03-23,71.0,0.61,14.82
2012-03-26,66.0,0.72,14.26
2012-03-27,66.0,0.55,15.59
2012-03-28,62.0,0.71,15.47
2012-03-29,62.0,0.67,15.48
2012-03-30,63.0,0.59,15.5
2012-04-02,63.0,0.52,15.64
2012-04-03,61.0,0.57,15.66
2012-04-04,63.0,0.66,16.440001
2012-04-05,55.0,0.6,16.700001
2012-04-09,46.0,0.69,18.809999
2012-04-10,39.0,0.67,20.389999
2012-04-11,39.0,0.65,20.02
2012-04-12,38.0,0.51,17.200001
2012-04-13,38.0,0.72,19.549999
2012-04-16,37.0,0.7,19.549999
2012-04-17,37.0,0.57,18.459999
2012-04-18,36.0,0.59,18.639999
2012-04-19,35.0,0.65,18.360001
2012-04-20,35.0,0.63,17.440001
2012-04-23,34.0,0.59,18.969999
2012-04-24,34.0,0.66,18.1
2012-04-25,38.0,0.48,16.82
2012-04-26,40.0,0.62,16.24
2012-04-27,41.0,0.6,16.32
2012-04-30,43.0,0.64,17.15
2012-05-01,42.0,0.53,16.6
2012-05-02,42.0,0.74,16.879999
2012-05-03,41.0,0.75,17.559999
2012-05-04,41.0,0.71,19.16
2012-05-07,38.0,0.65,18.940001
2012-05-08,32.0,0.74,19.049999
2012-05-09,32.0,0.67,20.08
2012-05-10,32.0,0.68,18.83
2012-05-11,25.0,0.74,19.889999
2012-05-14,23.0,0.84,21.870001
2012-05-15,20.0,0.81,21.969999
2012-05-16,14.0,0.88,22.27
2012-05-17,12.0,0.88,24.49
2012-05-18,12.0,0.99,25.1
2012-05-21,16.0,0.54,22.01
2012-05-22,15.0,0.63,22.48
2012-05-23,15.0,0.73,22.33
2012-05-24,14.0,0.74,21.540001
2012-05-25,13.0,0.66,21.76
2012-05-29,14.0,0.66,21.030001
2012-05-30,12.0,0.77,24.139999
2012-05-31,10.0,0.79,24.059999
2012-06-01,10.0,0.79,26.66
2012-06-04,14.0,0.78,26.120001
2012-06-05,14.0,0.69,24.68
2012-06-06,15.0,0.66,22.16
2012-06-07,16.0,0.64,21.719999
2012-06-08,19.0,0.78,21.23
2012-06-11,20.0,0.81,23.559999
2012-06-12,22.0,0.72,22.09
2012-06-13,19.0,0.92,24.27
2012-06-14,27.0,0.83,21.68
2012-06-15,35.0,0.69,21.110001
2012-06-18,36.0,0.57,18.32
2012-06-19,36.0,0.59,18.379999
2012-06-20,36.0,0.65,17.24
2012-06-21,33.0,0.8,20.08
2012-06-22,33.0,0.61,18.110001
2012-06-25,39.0,0.78,20.379999
2012-06-26,41.0,0.73,19.719999
2012-06-27,41.0,0.65,19.450001
2012-06-28,48.0,0.75,19.709999
2012-06-29,53.0,0.69,17.08
2012-07-02,56.0,0.72,16.799999
2012-07-03,59.0,0.65,16.66
2012-07-05,55.0,0.64,17.5
2012-07-06,51.0,0.75,17.1
2012-07-09,46.0,0.78,17.98
2012-07-10,48.0,0.72,18.719999
2012-07-11,44.0,0.81,17.950001
2012-07-12,44.0,0.7,18.33
2012-07-13,45.0,0.64,16.74
2012-07-16,48.0,0.67,17.110001
2012-07-17,52.0,0.67,16.48
2012-07-18,52.0,0.66,16.16
2012-07-19,51.0,0.68,15.45
2012-07-20,51.0,0.75,16.27
2012-07-23,47.0,0.7,18.620001
2012-07-24,41.0,0.66,20.469999
2012-07-25,51.0,0.71,19.34
2012-07-26,55.0,0.71,17.530001
2012-07-27,61.0,0.64,16.700001
2012-07-30,57.0,0.66,18.030001
2012-07-31,55.0,0.68,18.93
2012-08-01,55.0,0.72,18.959999
2012-08-02,49.0,0.78,17.57
2012-08-03,63.0,0.6,15.64
2012-08-06,71.0,0.63,15.95
2012-08-07,70.0,0.55,15.99
2012-08-08,73.0,0.58,15.32
2012-08-09,75.0,0.62,15.28
2012-08-10,70.0,0.7,14.74
2012-08-13,75.0,0.56,13.7
2012-08-14,74.0,0.66,14.85
2012-08-15,72.0,0.62,14.63
2012-08-16,78.0,0.69,14.29
2012-08-17,79.0,0.54,13.45
2012-08-20,75.0,0.62,14.02
2012-08-21,74.0,0.67,15.02
2012-08-22,74.0,0.65,15.11
2012-08-23,72.0,0.74,15.96
2012-08-24,70.0,0.68,15.18
2012-08-27,68.0,0.69,16.35
2012-08-28,68.0,0.61,16.49
2012-08-29,63.0,0.79,17.059999
2012-08-30,63.0,0.84,17.83
2012-08-31,59.0,0.67,17.469999
2012-09-04,71.0,0.75,17.98
2012-09-05,74.0,0.67,17.74
2012-09-06,76.0,0.59,15.6
2012-09-07,83.0,0.54,14.38
2012-09-10,78.0,0.66,16.280001
2012-09-11,86.0,0.54,16.41
2012-09-12,84.0,0.57,15.8
2012-09-13,91.0,0.54,14.05
2012-09-14,93.0,0.53,14.51
2012-09-17,92.0,0.64,14.59
2012-09-18,92.0,0.62,14.18
2012-09-19,92.0,0.56,13.88
2012-09-20,93.0,0.75,14.07
2012-09-21,93.0,0.62,13.98
2012-09-24,81.0,0.61,14.15
2012-09-25,81.0,0.73,15.43
2012-09-26,70.0,0.75,16.809999
2012-09-27,76.0,0.6,14.84
2012-09-28,71.0,0.76,15.73
2012-10-01,72.0,0.63,16.32
2012-10-02,75.0,0.55,15.71
2012-10-03,76.0,0.71,15.43
2012-10-04,77.0,0.58,14.55
2012-10-05,78.0,0.67,14.33
2012-10-08,72.0,0.55,15.11
2012-10-09,66.0,0.73,16.370001
2012-10-10,59.0,0.71,16.290001
2012-10-11,56.0,0.65,15.59
2012-10-12,56.0,0.74,16.139999
2012-10-15,54.0,0.73,15.27
2012-10-16,63.0,0.61,15.22
2012-10-17,61.0,0.59,15.07
2012-10-18,53.0,0.65,15.03
2012-10-19,56.0,0.8,17.059999
2012-10-22,56.0,0.67,16.620001
2012-10-23,42.0,0.86,18.83
2012-10-24,45.0,0.71,18.33
2012-10-25,41.0,0.76,18.120001
2012-10-26,40.0,0.77,17.809999
2012-10-31,45.0,0.68,18.6
2012-11-01,50.0,0.6,16.690001
2012-11-02,50.0,0.77,17.59
2012-11-05,46.0,0.61,18.42
2012-11-06,47.0,0.63,17.58
2012-11-07,45.0,0.76,19.08
2012-11-08,40.0,0.8,18.49
2012-11-09,39.0,0.82,18.610001
2012-11-12,35.0,0.65,16.68
2012-11-13,37.0,0.72,16.65
2012-11-14,31.0,0.78,17.92
2012-11-15,28.0,0.83,17.99
2012-11-16,28.0,0.81,16.41
2012-11-19,38.0,0.56,15.24
2012-11-20,42.0,0.67,15.08
2012-11-21,39.0,0.61,15.31
2012-11-23,47.0,0.59,15.14
2012-11-26,47.0,0.64,15.5
2012-11-27,49.0,0.58,15.92
2012-11-28,49.0,0.6,15.51
2012-11-29,52.0,0.62,15.06
2012-11-30,50.0,0.73,15.87
2012-12-03,45.0,0.57,16.639999
2012-12-04,45.0,0.81,17.120001
2012-12-05,45.0,0.6,16.459999
2012-12-06,45.0,0.67,16.58
2012-12-07,51.0,0.64,15.9
2012-12-10,55.0,0.62,16.049999
2012-12-11,55.0,0.59,15.57
2012-12-12,58.0,0.61,15.95
2012-12-13,60.0,0.61,16.559999
2012-12-14,57.0,0.7,17.0
2012-12-17,64.0,0.6,16.34
2012-12-18,67.0,0.51,15.57
2012-12-19,64.0,0.64,17.360001
2012-12-20,59.0,0.64,17.67
2012-12-21,56.0,0.71,17.84
2012-12-24,51.0,0.65,17.84
2012-12-26,58.0,0.74,19.48
2012-12-27,58.0,0.68,19.469999
2012-12-28,66.0,0.64,22.719999
2012-12-31,66.0,0.62,18.02
2013-01-02,68.0,0.55,14.68
2013-01-03,69.0,0.53,14.56
2013-01-04,82.0,0.64,13.83
2013-01-07,82.0,0.68,13.79
2013-01-08,80.0,0.78,13.62
2013-01-09,81.0,0.61,13.81
2013-01-10,85.0,0.66,13.49
2013-01-11,85.0,0.63,13.36
2013-01-14,86.0,0.52,13.52
2013-01-15,89.0,0.67,13.55
2013-01-16,85.0,0.75,13.42
2013-01-17,86.0,0.61,13.57
2013-01-18,89.0,0.54,12.46
2013-01-22,89.0,0.68,12.43
2013-01-23,92.0,0.69,12.46
2013-01-24,92.0,0.65,12.69
2013-01-25,91.0,0.64,12.89
2013-01-28,93.0,0.76,13.57
2013-01-29,94.0,0.68,13.31
2013-01-30,93.0,0.67,14.32
2013-01-31,89.0,0.73,14.28
2013-02-01,88.0,0.57,12.9
2013-02-04,80.0,0.69,14.67
2013-02-05,88.0,0.59,13.72
2013-02-06,81.0,0.6,13.41
2013-02-07,85.0,0.66,13.5
2013-02-08,83.0,0.57,13.02
2013-02-11,82.0,0.56,12.94
2013-02-12,82.0,0.61,12.64
2013-02-13,83.0,0.65,12.98
2013-02-14,87.0,0.62,12.66
2013-02-15,84.0,0.59,12.46
2013-02-19,81.0,0.58,12.31
2013-02-20,79.0,0.72,14.68
2013-02-21,68.0,0.72,15.22
2013-02-22,78.0,0.59,14.17
2013-02-25,62.0,0.73,18.99
2013-02-26,61.0,0.75,16.870001
2013-02-27,56.0,0.63,14.73
2013-02-28,61.0,0.67,15.51
2013-03-01,60.0,0.74,15.36
2013-03-04,60.0,0.67,14.01
2013-03-05,71.0,0.65,13.48
2013-03-06,69.0,0.54,13.53
2013-03-07,73.0,0.59,13.06
2013-03-08,82.0,0.62,12.59
2013-03-11,79.0,0.65,11.56
2013-03-12,77.0,0.61,12.27
2013-03-13,77.0,0.62,11.83
2013-03-14,79.0,0.64,11.3
2013-03-15,77.0,0.56,11.3
2013-03-18,70.0,0.65,13.36
2013-03-19,73.0,0.72,14.39
2013-03-20,69.0,0.59,12.67
2013-03-21,69.0,0.64,13.99
2013-03-22,69.0,0.69,13.57
2013-03-25,70.0,0.72,13.74
2013-03-26,68.0,0.62,12.77
2013-03-27,70.0,0.68,13.15
2013-03-28,72.0,0.62,12.7
2013-04-01,63.0,0.7,13.58
2013-04-02,63.0,0.64,12.78
2013-04-03,59.0,0.76,14.21
2013-04-04,55.0,0.73,13.89
2013-04-05,52.0,0.7,13.92
2013-04-08,53.0,0.58,13.19
2013-04-09,56.0,0.6,12.84
2013-04-10,56.0,0.58,12.36
2013-04-11,57.0,0.62,12.24
2013-04-12,57.0,0.7,12.06
2013-04-15,41.0,0.7,17.27
2013-04-16,52.0,0.7,13.96
2013-04-17,47.0,0.79,16.51
2013-04-18,35.0,0.75,17.559999
2013-04-19,41.0,0.85,14.97
2013-04-22,42.0,0.66,14.39
2013-04-23,46.0,0.66,13.48
2013-04-24,48.0,0.58,13.61
2013-04-25,53.0,0.61,13.62
2013-04-26,53.0,0.65,13.61
2013-04-29,60.0,0.58,13.71
2013-04-30,61.0,0.62,13.52
2013-05-01,62.0,0.68,14.49
2013-05-02,63.0,0.55,13.59
2013-05-03,64.0,0.61,12.85
2013-05-06,73.0,0.53,12.66
2013-05-07,78.0,0.63,12.83
2013-05-08,77.0,0.66,12.66
2013-05-09,76.0,0.58,13.13
2013-05-10,77.0,0.59,12.59
2013-05-13,80.0,0.6,12.55
2013-05-14,86.0,0.52,12.77
2013-05-15,87.0,0.52,12.81
2013-05-16,85.0,0.54,13.07
2013-05-17,91.0,0.5,12.45
2013-05-20,83.0,0.52,13.02
2013-05-21,83.0,0.54,13.37
2013-05-22,83.0,0.67,13.82
2013-05-23,80.0,0.67,14.07
2013-05-24,75.0,0.73,13.99
2013-05-28,67.0,0.58,14.48
2013-05-29,66.0,0.64,14.83
2013-05-30,72.0,0.48,14.53
2013-05-31,60.0,0.66,16.299999
2013-06-03,55.0,0.63,16.280001
2013-06-04,48.0,0.67,16.27
2013-06-05,32.0,0.73,17.5
2013-06-06,34.0,0.63,16.629999
2013-06-07,40.0,0.67,15.14
2013-06-10,34.0,0.59,15.44
2013-06-11,31.0,0.81,17.07
2013-06-12,30.0,0.75,18.59
2013-06-13,30.0,0.63,16.41
2013-06-14,29.0,0.73,17.15
2013-06-17,24.0,0.65,16.799999
2013-06-18,24.0,0.54,16.610001
2013-06-19,21.0,0.66,16.639999
2013-06-20,19.0,0.79,20.49
2013-06-21,19.0,0.82,18.9
2013-06-24,18.0,0.65,20.110001
2013-06-25,19.0,0.59,18.469999
2013-06-26,20.0,0.67,17.209999
2013-06-27,21.0,0.71,16.860001
2013-06-28,22.0,0.66,16.860001
2013-07-01,25.0,0.6,16.370001
2013-07-02,29.0,0.65,16.440001
2013-07-03,30.0,0.76,16.200001
2013-07-05,38.0,0.6,14.89
2013-07-08,40.0,0.69,14.78
2013-07-09,48.0,0.54,14.35
2013-07-10,49.0,0.57,14.21
2013-07-11,51.0,0.57,14.01
2013-07-12,61.0,0.67,13.84
2013-07-15,60.0,0.53,13.79
2013-07-16,62.0,0.64,14.42
2013-07-17,57.0,0.62,13.78
2013-07-18,62.0,0.5,13.77
2013-07-19,68.0,0.54,12.54
2013-07-22,63.0,0.67,12.29
2013-07-23,65.0,0.66,12.66
2013-07-24,64.0,0.65,13.18
2013-07-25,62.0,0.59,12.97
2013-07-26,64.0,0.64,12.72
2013-07-29,59.0,0.6,13.39
2013-07-30,62.0,0.56,13.39
2013-07-31,61.0,0.6,13.45
2013-08-01,68.0,0.55,12.94
2013-08-02,62.0,0.58,11.98
2013-08-05,61.0,0.59,11.84
2013-08-06,54.0,0.63,12.72
2013-08-07,47.0,0.63,12.98
2013-08-08,52.0,0.58,12.73
2013-08-09,44.0,0.58,13.41
2013-08-12,50.0,0.55,12.81
2013-08-13,50.0,0.49,12.31
2013-08-14,46.0,0.53,13.04
2013-08-15,43.0,0.66,14.73
2013-08-16,39.0,0.6,14.37
2013-08-19,32.0,0.54,15.1
2013-08-20,26.0,0.61,14.91
2013-08-21,26.0,0.64,15.94
2013-08-22,32.0,0.55,14.76
2013-08-23,27.0,0.6,13.98
2013-08-26,25.0,0.61,14.99
2013-08-27,18.0,0.68,16.77
2013-08-28,24.0,0.55,16.49
2013-08-29,23.0,0.6,16.809999
2013-08-30,20.0,0.67,17.01
2013-09-03,17.0,0.54,16.610001
2013-09-04,28.0,0.54,15.88
2013-09-05,33.0,0.52,15.77
2013-09-06,36.0,0.5,15.85
2013-09-09,43.0,0.45,15.63
2013-09-10,52.0,0.48,14.53
2013-09-11,47.0,0.61,13.82
2013-09-12,46.0,0.63,14.29
2013-09-13,48.0,0.6,14.16
2013-09-16,50.0,0.57,14.38
2013-09-17,54.0,0.57,14.53
2013-09-18,56.0,0.53,13.59
2013-09-19,62.0,0.57,13.16
2013-09-20,57.0,0.6,13.12
2013-09-23,49.0,0.7,14.31
2013-09-24,48.0,0.56,14.08
2013-09-25,47.0,0.62,14.01
2013-09-26,39.0,0.49,14.06
2013-09-27,41.0,0.7,15.46
2013-09-30,35.0,0.76,16.6
2013-10-01,40.0,0.53,15.54
2013-10-02,35.0,0.61,16.6
2013-10-03,29.0,0.69,17.67
2013-10-04,34.0,0.59,16.74
2013-10-07,27.0,0.6,19.41
2013-10-08,20.0,0.72,20.34
2013-10-09,29.0,0.69,19.6
2013-10-10,35.0,0.63,16.48
2013-10-11,31.0,0.6,15.72
2013-10-14,39.0,0.59,16.07
2013-10-15,39.0,0.66,18.66
2013-10-16,46.0,0.54,14.71
2013-10-17,48.0,0.54,13.48
2013-10-18,56.0,0.46,13.04
2013-10-21,53.0,0.53,13.16
2013-10-22,55.0,0.54,13.33
2013-10-23,61.0,0.58,13.42
2013-10-24,62.0,0.6,13.2
2013-10-25,62.0,0.64,13.09
2013-10-28,64.0,0.53,13.31
2013-10-29,64.0,0.52,13.41
2013-10-30,64.0,0.6,13.65
2013-10-31,66.0,0.57,13.75
2013-11-01,67.0,0.61,13.28
2013-11-04,68.0,0.54,12.93
2013-11-05,68.0,0.57,13.27
2013-11-06,68.0,0.58,12.67
2013-11-07,68.0,0.57,13.91
2013-11-08,68.0,0.51,12.9
2013-11-11,67.0,0.52,12.53
2013-11-12,69.0,0.55,12.82
2013-11-13,70.0,0.56,12.52
2013-11-14,70.0,0.59,12.37
2013-11-15,71.0,0.55,12.19
2013-11-18,71.0,0.58,13.1
2013-11-19,67.0,0.69,13.39
2013-11-20,68.0,0.63,13.4
2013-11-21,68.0,0.48,12.66
2013-11-22,68.0,0.6,12.26
2013-11-25,66.0,0.54,12.79
2013-11-26,64.0,0.54,12.81
2013-11-27,67.0,0.6,12.98
2013-11-29,70.0,0.48,13.7
2013-12-02,66.0,0.51,14.23
2013-12-03,65.0,0.61,14.55
2013-12-04,65.0,0.56,14.7
2013-12-05,57.0,0.52,15.08
2013-12-06,63.0,0.53,13.79
2013-12-09,53.0,0.62,13.49
2013-12-10,52.0,0.58,13.91
2013-12-11,51.0,0.62,15.42
2013-12-12,43.0,0.53,15.54
2013-12-13,38.0,0.67,15.76
2013-12-16,45.0,0.5,16.030001
2013-12-17,38.0,0.53,16.209999
2013-12-18,49.0,0.62,13.8
2013-12-19,50.0,0.52,14.15
2013-12-20,52.0,0.5,13.79
2013-12-23,61.0,0.49,13.04
2013-12-24,66.0,0.46,12.48
2013-12-26,63.0,0.59,12.33
2013-12-27,72.0,0.54,12.46
2013-12-30,70.0,0.49,13.56
2013-12-31,77.0,0.46,13.72
2014-01-02,71.0,0.56,14.23
2014-01-03,66.0,0.54,13.76
2014-01-06,64.0,0.52,13.55
2014-01-07,67.0,0.47,12.92
2014-01-08,64.0,0.5,12.87
2014-01-09,68.0,0.55,12.89
2014-01-10,66.0,0.53,12.14
2014-01-13,61.0,0.61,13.28
2014-01-14,68.0,0.52,12.28
2014-01-15,65.0,0.48,12.28
2014-01-16,63.0,0.57,12.53
2014-01-17,59.0,0.53,12.44
2014-01-21,62.0,0.57,12.87
2014-01-22,45.0,0.52,12.84
2014-01-23,46.0,0.65,13.77
2014-01-24,27.0,0.69,18.139999
2014-01-27,25.0,0.53,17.42
2014-01-28,29.0,0.53,15.8
2014-01-29,20.0,0.62,17.35
2014-01-30,18.0,0.54,17.290001
2014-01-31,20.0,0.66,18.41
2014-02-03,13.0,0.61,21.440001
2014-02-04,15.0,0.6,19.110001
2014-02-05,20.0,0.62,19.950001
2014-02-06,17.0,0.61,17.23
2014-02-07,22.0,0.68,15.29
2014-02-10,28.0,0.71,15.26
2014-02-11,29.0,0.55,14.51
2014-02-12,32.0,0.64,14.3
2014-02-13,32.0,0.57,14.14
2014-02-14,30.0,0.57,13.57
2014-02-18,42.0,0.61,13.87
2014-02-19,39.0,0.55,15.5
2014-02-20,45.0,0.58,14.79
2014-02-21,48.0,0.55,14.68
2014-02-24,55.0,0.55,14.23
2014-02-25,57.0,0.57,13.67
2014-02-26,58.0,0.57,14.35
2014-02-27,62.0,0.58,14.04
2014-02-28,56.0,0.63,14.0
2014-03-03,63.0,0.62,16.0
2014-03-04,66.0,0.48,14.1
2014-03-05,78.0,0.46,13.89
2014-03-06,80.0,0.53,14.21
2014-03-07,81.0,0.55,14.11
2014-03-10,81.0,0.67,14.2
2014-03-11,76.0,0.58,14.8
2014-03-12,57.0,0.71,14.47
2014-03-13,49.0,0.69,16.219999
2014-03-14,44.0,0.69,17.82
2014-03-17,49.0,0.57,15.64
2014-03-18,51.0,0.55,14.52
2014-03-19,53.0,0.53,15.12
2014-03-20,54.0,0.55,14.52
2014-03-21,56.0,0.62,15.0
2014-03-24,49.0,0.66,15.09
2014-03-25,43.0,0.53,14.02
2014-03-26,43.0,0.64,14.93
2014-03-27,34.0,0.57,14.62
2014-03-28,36.0,0.64,14.41
2014-03-31,50.0,0.57,13.88
2014-04-01,51.0,0.47,13.1
2014-04-02,53.0,0.51,13.09
2014-04-03,51.0,0.59,13.37
2014-04-04,49.0,0.65,13.96
2014-04-07,35.0,0.62,15.57
2014-04-08,34.0,0.56,14.89
2014-04-09,31.0,0.45,13.82
2014-04-10,31.0,0.7,15.89
2014-04-11,21.0,0.75,17.030001
2014-04-14,23.0,0.61,16.110001
2014-04-15,23.0,0.59,15.61
2014-04-16,28.0,0.53,14.18
2014-04-17,28.0,0.57,13.36
2014-04-21,38.0,0.47,13.25
2014-04-22,40.0,0.48,13.19
2014-04-23,40.0,0.69,13.27
2014-04-24,39.0,0.61,13.32
2014-04-25,35.0,0.71,14.06
2014-04-28,34.0,0.69,13.97
2014-04-29,34.0,0.61,13.71
2014-04-30,33.0,0.54,13.41
2014-05-01,30.0,0.56,13.25
2014-05-02,32.0,0.65,12.91
2014-05-05,34.0,0.65,13.29
2014-05-06,34.0,0.68,13.8
2014-05-07,33.0,0.67,13.4
2014-05-08,33.0,0.66,13.43
2014-05-09,42.0,0.72,12.92
2014-05-12,45.0,0.53,12.23
2014-05-13,39.0,0.61,12.13
2014-05-14,38.0,0.72,12.17
2014-05-15,28.0,0.69,13.17
2014-05-16,28.0,0.68,12.44
2014-05-19,26.0,0.54,12.42
2014-05-20,21.0,0.66,12.96
2014-05-21,29.0,0.68,11.91
2014-05-22,36.0,0.71,12.03
2014-05-23,37.0,0.58,11.36
2014-05-27,40.0,0.53,11.51
2014-05-28,42.0,0.56,11.68
2014-05-29,42.0,0.52,11.57
2014-05-30,45.0,0.56,11.4
2014-06-02,58.0,0.62,11.58
2014-06-03,66.0,0.58,11.87
2014-06-04,66.0,0.43,12.08
2014-06-05,81.0,0.5,11.68
2014-06-06,81.0,0.47,10.73
2014-06-09,89.0,0.48,11.15
2014-06-10,90.0,0.52,10.99
2014-06-11,88.0,0.5,11.6
2014-06-12,83.0,0.51,12.56
2014-06-13,85.0,0.56,12.18
2014-06-16,87.0,0.48,12.65
2014-06-17,88.0,0.49,12.06
2014-06-18,94.0,0.38,10.61
2014-06-19,95.0,0.47,10.62
2014-06-20,95.0,0.52,10.85
2014-06-23,93.0,0.54,10.98
2014-06-24,83.0,0.52,12.13
2014-06-25,83.0,0.49,11.59
2014-06-26,77.0,0.58,11.63
2014-06-27,76.0,0.52,11.26
2014-06-30,87.0,0.5,11.57
2014-07-01,87.0,0.51,11.15
2014-07-02,87.0,0.57,10.82
2014-07-03,86.0,0.49,10.32
2014-07-07,68.0,0.61,11.33
2014-07-08,74.0,0.63,11.98
2014-07-09,62.0,0.54,11.65
2014-07-10,56.0,0.67,12.59
2014-07-11,57.0,0.54,12.08
2014-07-14,59.0,0.58,11.82
2014-07-15,56.0,0.58,11.96
2014-07-16,55.0,0.5,11.0
2014-07-17,32.0,0.67,14.54
2014-07-18,46.0,0.56,12.06
2014-07-21,37.0,0.62,12.81
2014-07-22,38.0,0.59,12.24
2014-07-23,39.0,0.59,11.52
2014-07-24,42.0,0.58,11.84
2014-07-25,34.0,0.62,12.69
2014-07-28,34.0,0.59,12.56
2014-07-29,31.0,0.6,13.28
2014-07-30,26.0,0.57,13.33
2014-07-31,10.0,0.64,16.950001
2014-08-01,5.0,1.04,17.030001
2014-08-04,5.0,0.63,15.12
2014-08-05,5.0,0.74,16.870001
2014-08-06,5.0,0.8,16.370001
2014-08-07,5.0,0.65,16.66
2014-08-08,10.0,0.65,15.77
2014-08-11,7.0,0.57,14.23
2014-08-12,8.0,0.67,14.13
2014-08-13,13.0,0.65,12.9
2014-08-14,16.0,0.6,12.42
2014-08-15,14.0,0.63,13.15
2014-08-18,26.0,0.5,12.32
2014-08-19,31.0,0.58,12.21
2014-08-20,37.0,0.56,11.78
2014-08-21,36.0,0.51,11.76
2014-08-22,37.0,0.56,11.47
2014-08-25,35.0,0.64,11.7
2014-08-26,36.0,0.53,11.63
2014-08-27,33.0,0.62,11.78
2014-08-28,33.0,0.62,12.05
2014-08-29,41.0,0.56,12.09
2014-09-02,48.0,0.63,12.25
2014-09-03,48.0,0.65,12.36
2014-09-04,47.0,0.65,12.64
2014-09-05,50.0,0.62,12.09
2014-09-08,47.0,0.61,12.66
2014-09-09,42.0,0.59,13.5
2014-09-10,45.0,0.58,12.88
2014-09-11,44.0,0.64,12.8
2014-09-12,43.0,0.58,13.31
2014-09-15,38.0,0.61,14.12
2014-09-16,37.0,0.64,12.73
2014-09-17,42.0,0.58,12.65
2014-09-18,37.0,0.62,12.03
2014-09-19,36.0,0.55,12.11
2014-09-22,22.0,0.69,13.69
2014-09-23,18.0,0.66,14.93
2014-09-24,17.0,0.63,13.27
2014-09-25,8.0,0.77,15.64
2014-09-26,13.0,0.71,14.85
2014-09-29,11.0,0.7,15.98
2014-09-30,12.0,0.65,16.309999
2014-10-01,7.0,0.78,16.709999
2014-10-02,3.0,0.62,16.16
2014-10-03,5.0,0.54,14.55
2014-10-06,5.0,0.63,15.46
2014-10-07,6.0,0.63,17.200001
2014-10-08,4.0,0.66,15.11
2014-10-09,3.0,0.75,18.76
2014-10-10,1.0,0.87,21.24
2014-10-13,0.0,0.91,24.639999
2014-10-14,2.0,0.78,22.790001
2014-10-15,1.0,0.76,25.27
2014-10-16,2.0,0.64,25.200001
2014-10-17,7.0,0.71,21.99
2014-10-20,5.0,0.59,18.57
2014-10-21,7.0,0.6,16.08
2014-10-22,8.0,0.74,17.870001
2014-10-23,11.0,0.61,16.530001
2014-10-24,13.0,0.63,16.110001
2014-10-27,16.0,0.66,16.040001
2014-10-28,21.0,0.67,14.39
2014-10-29,25.0,0.72,15.15
2014-10-30,31.0,0.58,14.52
2014-10-31,32.0,0.5,14.03
2014-11-03,40.0,0.61,14.73
2014-11-04,40.0,0.67,14.89
2014-11-05,49.0,0.63,14.17
2014-11-06,49.0,0.69,13.67
2014-11-07,55.0,0.57,13.12
2014-11-10,57.0,0.67,12.67
2014-11-11,58.0,0.64,12.92
2014-11-12,56.0,0.61,13.02
2014-11-13,54.0,0.57,13.79
2014-11-14,53.0,0.53,13.31
2014-11-17,53.0,0.56,13.99
2014-11-18,54.0,0.47,13.86
2014-11-19,55.0,0.6,13.96
2014-11-20,59.0,0.55,13.58
2014-11-21,59.0,0.49,12.9
2014-11-24,62.0,0.54,12.62
2014-11-25,62.0,0.62,12.25
2014-11-26,63.0,0.63,12.07
2014-11-28,59.0,0.65,13.33
2014-12-01,55.0,0.62,14.16
2014-12-02,55.0,0.65,12.85
2014-12-03,59.0,0.65,12.5
2014-12-04,59.0,0.66,12.38
2014-12-05,61.0,0.5,11.89
2014-12-08,55.0,0.62,14.21
2014-12-09,46.0,0.78,15.35
2014-12-10,41.0,0.74,18.530001
2014-12-11,37.0,0.72,20.08
2014-12-12,31.0,0.79,21.08
2014-12-15,22.0,0.75,20.42
2014-12-16,19.0,0.74,23.57
2014-12-17,21.0,0.71,19.440001
2014-12-18,33.0,0.58,16.809999
2014-12-19,33.0,0.59,16.49
2014-12-22,43.0,0.49,15.25
2014-12-23,45.0,0.52,14.8
2014-12-24,47.0,0.6,14.37
2014-12-26,48.0,0.55,14.5
2014-12-29,47.0,0.64,15.06
2014-12-30,47.0,0.66,15.92
2014-12-31,45.0,0.56,19.200001
2015-01-02,37.0,0.8,17.790001
2015-01-05,30.0,0.79,19.92
2015-01-06,21.0,0.59,21.120001
2015-01-07,21.0,0.73,19.309999
2015-01-08,28.0,0.54,17.01
2015-01-09,29.0,0.64,17.549999
2015-01-12,30.0,0.68,19.6
2015-01-13,29.0,0.66,20.559999
2015-01-14,30.0,0.75,21.48
2015-01-15,30.0,0.72,22.389999
2015-01-16,26.0,0.68,20.950001
2015-01-20,25.0,0.61,19.889999
2015-01-21,28.0,0.6,18.85
2015-01-22,32.0,0.58,16.4
2015-01-23,31.0,0.7,16.66
2015-01-26,28.0,0.66,15.52
2015-01-27,28.0,0.76,17.219999
2015-01-28,26.0,0.67,20.440001
2015-01-29,26.0,0.79,18.76
2015-01-30,25.0,0.68,20.969999
2015-02-02,30.0,0.76,19.43
2015-02-03,46.0,0.54,17.33
2015-02-04,42.0,0.59,18.33
2015-02-05,50.0,0.66,16.85
2015-02-06,52.0,0.69,17.290001
2015-02-09,52.0,0.75,18.549999
2015-02-10,54.0,0.66,17.23
2015-02-11,61.0,0.63,16.959999
2015-02-12,64.0,0.55,15.34
2015-02-13,73.0,0.56,14.69
2015-02-17,77.0,0.58,15.8
2015-02-18,79.0,0.58,15.45
2015-02-19,77.0,0.55,15.29
2015-02-20,80.0,0.53,14.3
2015-02-23,77.0,0.62,14.56
2015-02-24,75.0,0.57,13.69
2015-02-25,77.0,0.64,13.84
2015-02-26,78.0,0.65,13.91
2015-02-27,74.0,0.64,13.34
2015-03-02,74.0,0.57,13.04
2015-03-03,66.0,0.66,13.86
2015-03-04,66.0,0.61,14.23
2015-03-05,65.0,0.64,14.04
2015-03-06,58.0,0.67,15.2
2015-03-09,58.0,0.65,15.06
2015-03-10,52.0,0.67,16.690001
2015-03-11,44.0,0.67,16.870001
2015-03-12,46.0,0.65,15.42
2015-03-13,39.0,0.8,16.0
2015-03-16,42.0,0.69,15.61
2015-03-17,40.0,0.74,15.66
2015-03-18,39.0,0.65,13.97
2015-03-19,43.0,0.59,14.07
2015-03-20,43.0,0.57,13.02
2015-03-23,48.0,0.56,13.41
2015-03-24,44.0,0.7,13.62
2015-03-25,44.0,0.69,15.44
2015-03-26,37.0,0.58,15.8
2015-03-27,36.0,0.79,15.07
2015-03-30,37.0,0.53,14.51
2015-03-31,37.0,0.65,15.29
2015-04-01,35.0,0.76,15.11
2015-04-02,40.0,0.81,14.67
2015-04-06,43.0,0.5,14.74
2015-04-07,48.0,0.59,14.78
2015-04-08,48.0,0.6,13.98
2015-04-09,56.0,0.6,13.09
2015-04-10,56.0,0.54,12.58
2015-04-13,60.0,0.59,13.94
2015-04-14,60.0,0.66,13.67
2015-04-15,60.0,0.59,12.84
2015-04-16,57.0,0.67,12.6
2015-04-17,57.0,0.74,13.89
2015-04-20,55.0,0.56,13.3
2015-04-21,59.0,0.64,13.25
2015-04-22,59.0,0.57,12.71
2015-04-23,64.0,0.66,12.48
2015-04-24,66.0,0.6,12.29
2015-04-27,59.0,0.65,13.12
2015-04-28,61.0,0.64,12.41
2015-04-29,61.0,0.69,13.39
2015-04-30,53.0,0.72,14.55
2015-05-01,61.0,0.61,12.7
2015-05-04,61.0,0.55,12.85
2015-05-05,58.0,0.74,14.31
2015-05-06,58.0,0.73,15.15
2015-05-07,53.0,0.69,15.13
2015-05-08,58.0,0.55,12.86
2015-05-11,53.0,0.61,13.85
2015-05-12,49.0,0.64,13.86
2015-05-13,55.0,0.56,13.76
2015-05-14,57.0,0.6,12.74
2015-05-15,57.0,0.56,12.38
2015-05-18,62.0,0.66,12.73
2015-05-19,62.0,0.59,12.85
2015-05-20,64.0,0.58,12.88
2015-05-21,64.0,0.71,12.11
2015-05-22,60.0,0.64,12.13
2015-05-26,50.0,0.74,14.06
2015-05-27,47.0,0.58,13.27
2015-05-28,47.0,0.71,13.31
2015-05-29,43.0,0.57,13.84
2015-06-01,40.0,0.66,13.97
2015-06-02,43.0,0.54,14.24
2015-06-03,45.0,0.51,13.66
2015-06-04,44.0,0.61,14.71
2015-06-05,40.0,0.61,14.21
2015-06-08,36.0,0.61,15.29
2015-06-09,36.0,0.63,14.47
2015-06-10,37.0,0.46,13.22
2015-06-11,41.0,0.59,12.85
2015-06-12,30.0,0.67,13.78
2015-06-15,26.0,0.66,15.39
2015-06-16,27.0,0.64,14.81
2015-06-17,26.0,0.55,14.5
2015-06-18,34.0,0.64,13.19
2015-06-19,30.0,0.63,13.96
2015-06-22,42.0,0.56,12.74
2015-06-23,49.0,0.61,12.11
2015-06-24,36.0,0.52,13.26
2015-06-25,34.0,0.65,14.01
2015-06-26,33.0,0.74,14.02
2015-06-29,8.0,0.94,18.85
2015-06-30,11.0,0.84,18.23
2015-07-01,18.0,0.62,16.09
2015-07-02,16.0,0.7,16.790001
2015-07-06,13.0,0.65,17.01
2015-07-07,13.0,0.78,16.09
2015-07-08,9.0,0.87,19.66
2015-07-09,12.0,0.69,19.969999
2015-07-10,14.0,0.67,16.83
2015-07-13,24.0,0.55,13.9
2015-07-14,24.0,0.63,13.37
2015-07-15,30.0,0.68,13.23
2015-07-16,30.0,0.71,12.11
2015-07-17,34.0,0.55,11.95
2015-07-20,34.0,0.56,12.25
2015-07-21,25.0,0.69,12.22
2015-07-22,20.0,0.61,12.12
2015-07-23,15.0,0.78,12.64
2015-07-24,15.0,0.86,13.74
2015-07-27,7.0,0.74,15.6
2015-07-28,17.0,0.62,13.44
2015-07-29,21.0,0.62,12.5
2015-07-30,21.0,0.5,12.13
2015-07-31,20.0,0.68,12.12
2015-08-03,24.0,0.73,12.56
2015-08-04,28.0,0.75,13.0
2015-08-05,21.0,0.77,12.51
2015-08-06,18.0,0.82,13.77
2015-08-07,10.0,0.83,13.39
2015-08-10,9.0,0.66,12.23
2015-08-11,12.0,0.79,13.71
2015-08-12,9.0,0.83,13.61
2015-08-13,11.0,0.74,13.49
2015-08-14,11.0,0.67,12.83
2015-08-17,14.0,0.69,13.02
2015-08-18,13.0,0.66,13.79
2015-08-19,13.0,0.81,15.25
2015-08-20,8.0,0.82,19.139999
2015-08-21,8.0,1.04,28.030001
2015-08-24,3.0,0.87,40.740002
2015-08-25,9.0,0.7,36.02
2015-08-26,12.0,0.85,30.32
2015-08-27,13.0,0.76,26.1
2015-08-28,14.0,0.72,26.049999
2015-08-31,14.0,0.66,28.43
2015-09-01,9.0,0.74,31.4
2015-09-02,13.0,0.73,26.09
2015-09-03,11.0,0.68,25.610001
2015-09-04,10.0,0.89,27.799999
2015-09-08,13.0,0.66,24.9
2015-09-09,13.0,0.71,26.23
2015-09-10,15.0,0.77,24.370001
2015-09-11,14.0,0.81,23.200001
2015-09-14,13.0,0.91,24.25
2015-09-15,16.0,0.87,22.540001
2015-09-16,16.0,0.73,21.35
2015-09-17,16.0,0.74,21.139999
2015-09-18,18.0,0.83,22.280001
2015-09-21,23.0,0.55,20.139999
2015-09-22,31.0,0.8,22.440001
2015-09-23,31.0,0.69,22.129999
2015-09-24,22.0,0.86,23.469999
2015-09-25,18.0,0.74,23.620001
2015-09-28,15.0,0.94,27.629999
2015-09-29,13.0,0.95,26.83
2015-09-30,21.0,0.7,24.5
2015-10-01,18.0,0.73,22.549999
2015-10-02,24.0,0.67,20.940001
2015-10-05,31.0,0.62,19.540001
2015-10-06,36.0,0.68,19.4
2015-10-07,37.0,0.83,18.4
2015-10-08,42.0,0.7,17.42
2015-10-09,43.0,0.64,17.08
2015-10-12,41.0,0.67,16.17
2015-10-13,35.0,0.8,17.67
2015-10-14,35.0,0.75,18.030001
2015-10-15,41.0,0.87,16.049999
2015-10-16,45.0,0.61,15.05
2015-10-19,47.0,0.67,14.98
2015-10-20,51.0,0.7,15.75
2015-10-21,50.0,0.83,16.700001
2015-10-22,55.0,0.66,14.45
2015-10-23,59.0,0.63,14.46
2015-10-26,61.0,0.72,15.29
2015-10-27,69.0,0.74,15.43
2015-10-28,69.0,0.54,14.33
2015-10-29,71.0,0.56,14.61
2015-10-30,70.0,0.59,15.07
2015-11-02,73.0,0.58,14.15
2015-11-03,73.0,0.71,14.54
2015-11-04,72.0,0.73,15.51
2015-11-05,73.0,0.63,15.05
2015-11-06,71.0,0.66,14.33
2015-11-09,66.0,0.76,16.52
2015-11-10,66.0,0.8,15.29
2015-11-11,63.0,0.59,16.059999
2015-11-12,59.0,0.83,18.370001
2015-11-13,50.0,0.98,20.08
2015-11-16,48.0,0.71,18.16
2015-11-17,51.0,0.83,18.84
2015-11-18,51.0,0.72,16.85
2015-11-19,52.0,0.79,16.99
2015-11-20,53.0,0.67,15.47
2015-11-23,53.0,0.6,15.62
2015-11-24,56.0,0.67,15.93
2015-11-25,59.0,0.65,15.19
2015-11-27,58.0,0.76,15.12
2015-11-30,58.0,0.65,16.129999
2015-12-01,55.0,0.61,14.67
2015-12-02,55.0,0.67,15.91
2015-12-03,55.0,0.9,18.110001
2015-12-04,55.0,0.61,14.81
2015-12-07,38.0,0.83,15.84
2015-12-08,42.0,0.96,17.6
2015-12-09,35.0,0.66,19.610001
2015-12-10,36.0,0.72,19.34
2015-12-11,25.0,0.92,24.389999
2015-12-14,30.0,0.57,22.73
2015-12-15,35.0,0.66,20.950001
2015-12-16,46.0,0.54,17.860001
2015-12-17,37.0,0.77,18.940001
2015-12-18,37.0,0.77,20.700001
2015-12-21,35.0,0.64,18.700001
2015-12-22,36.0,0.56,16.6
2015-12-23,43.0,0.56,15.57
2015-12-24,42.0,0.57,15.74
2015-12-28,48.0,1.21,16.91
2015-12-29,48.0,0.54,16.08
2015-12-30,46.0,0.59,17.290001
2015-12-31,46.0,0.69,18.209999
2016-01-04,43.0,0.8,20.700001
2016-01-05,35.0,0.65,19.34
2016-01-06,35.0,0.7,20.59
2016-01-07,27.0,0.89,24.99
2016-01-08,26.0,0.93,27.01
2016-01-11,17.0,0.94,24.299999
2016-01-12,16.0,0.86,22.469999
2016-01-13,18.0,0.91,25.219999
2016-01-14,15.0,0.82,23.950001
2016-01-15,10.0,1.14,27.02
2016-01-19,9.0,0.62,26.049999
2016-01-20,11.0,0.59,27.59
2016-01-21,13.0,0.69,26.690001
2016-01-22,14.0,0.64,22.34
2016-01-25,15.0,0.69,24.15
2016-01-26,16.0,0.62,22.5
2016-01-27,18.0,0.71,23.110001
2016-01-28,18.0,0.62,22.42
2016-01-29,26.0,0.58,20.200001
2016-02-01,26.0,0.63,19.98
2016-02-02,26.0,0.76,21.98
2016-02-03,24.0,0.82,21.65
2016-02-04,25.0,0.75,21.84
2016-02-05,17.0,0.92,23.379999
2016-02-08,17.0,0.93,26.0
2016-02-09,15.0,0.76,26.540001
2016-02-10,17.0,0.78,26.290001
2016-02-11,18.0,0.96,28.139999
2016-02-12,21.0,0.71,25.4
2016-02-16,29.0,0.8,24.110001
2016-02-17,37.0,0.68,22.309999
2016-02-18,43.0,0.75,21.639999
2016-02-19,43.0,0.87,20.530001
2016-02-22,50.0,0.58,19.379999
2016-02-23,50.0,0.71,20.98
2016-02-24,53.0,0.71,20.719999
2016-02-25,53.0,0.62,19.110001
2016-02-26,52.0,0.64,19.809999
2016-02-29,55.0,0.6,20.549999
2016-03-01,61.0,0.68,17.700001
2016-03-02,66.0,0.64,17.09
2016-03-03,69.0,0.55,16.700001
2016-03-04,68.0,0.59,16.860001
2016-03-07,71.0,0.67,17.35
2016-03-08,70.0,0.9,18.67
2016-03-09,71.0,0.68,18.34
2016-03-10,72.0,0.74,18.049999
2016-03-11,75.0,0.6,16.5
2016-03-14,74.0,0.69,16.92
2016-03-15,75.0,0.85,16.84
2016-03-16,75.0,0.71,14.99
2016-03-17,78.0,0.63,14.44
2016-03-18,79.0,0.55,14.02
2016-03-21,76.0,0.71,13.79
2016-03-22,76.0,0.88,14.17
2016-03-23,70.0,0.84,14.94
2016-03-24,72.0,0.82,14.74
2016-03-28,64.0,0.66,15.24
2016-03-29,67.0,0.61,13.82
2016-03-30,67.0,0.62,13.56
2016-03-31,71.0,0.68,13.95
2016-04-01,74.0,0.63,13.1
2016-04-04,73.0,0.65,14.12
2016-04-05,72.0,0.69,15.42
2016-04-06,72.0,0.61,14.09
2016-04-07,72.0,0.68,16.16
2016-04-08,68.0,0.75,15.36
2016-04-11,66.0,0.65,16.26
2016-04-12,66.0,0.72,14.85
2016-04-13,70.0,0.61,13.84
2016-04-14,70.0,0.68,13.72
2016-04-15,70.0,0.63,13.62
2016-04-18,72.0,0.69,13.35
2016-04-19,73.0,0.67,13.24
2016-04-20,75.0,0.68,13.28
2016-04-21,75.0,0.85,13.95
2016-04-22,74.0,0.61,13.22
2016-04-25,71.0,0.7,14.08
2016-04-26,71.0,0.53,13.96
2016-04-27,72.0,0.55,13.77
2016-04-28,70.0,0.77,15.22
2016-04-29,67.0,0.86,15.7
2016-05-02,69.0,0.74,14.68
2016-05-03,63.0,0.77,15.6
2016-05-04,63.0,0.8,16.049999
2016-05-05,60.0,0.8,15.91
2016-05-06,60.0,0.92,14.72
2016-05-09,60.0,0.86,14.57
2016-05-10,62.0,0.91,13.63
2016-05-11,62.0,0.8,14.69
2016-05-12,61.0,0.8,14.41
2016-05-13,59.0,0.84,15.04
2016-05-16,58.0,0.6,14.68
2016-05-17,54.0,0.81,15.57
2016-05-18,56.0,0.75,15.95
2016-05-19,54.0,0.8,16.33
2016-05-20,55.0,0.78,15.2
2016-05-23,57.0,0.65,15.82
2016-05-24,63.0,0.6,14.42
2016-05-25,68.0,0.62,13.9
2016-05-26,74.0,0.55,13.43
2016-05-27,78.0,0.51,13.12
2016-05-31,77.0,0.58,14.19
2016-06-01,78.0,0.55,14.2
2016-06-02,79.0,0.69,13.63
2016-06-03,77.0,0.59,13.47
2016-06-06,79.0,0.59,13.65
2016-06-07,80.0,0.61,14.05
2016-06-08,80.0,0.59,14.08
2016-06-09,79.0,0.72,14.64
2016-06-10,63.0,0.81,17.030001
2016-06-13,54.0,0.75,20.969999
2016-06-14,54.0,0.79,20.5
2016-06-15,53.0,0.68,20.139999
2016-06-16,50.0,0.77,19.370001
2016-06-17,53.0,0.63,19.41
2016-06-20,60.0,0.6,18.370001
2016-06-21,61.0,0.64,18.48
2016-06-22,61.0,0.77,21.17
2016-06-23,66.0,0.61,17.25
2016-06-24,44.0,1.01,25.76
2016-06-27,45.0,0.81,23.85
2016-06-28,48.0,0.59,18.75
2016-06-29,58.0,0.58,16.639999
2016-06-30,62.0,0.65,15.63
2016-07-01,71.0,0.57,14.77
2016-07-05,69.0,0.73,15.58
2016-07-06,69.0,0.76,14.96
2016-07-07,69.0,0.6,14.76
2016-07-08,75.0,0.52,13.2
2016-07-11,80.0,0.58,13.54
2016-07-12,86.0,0.59,13.55
2016-07-13,86.0,0.56,13.04
2016-07-14,90.0,0.53,12.82
2016-07-15,88.0,0.52,12.67
2016-07-18,89.0,0.69,12.44
2016-07-19,89.0,0.67,11.97
2016-07-20,88.0,0.57,11.77
2016-07-21,87.0,0.61,12.74
2016-07-22,85.0,0.59,12.02
2016-07-25,85.0,0.71,12.87
2016-07-26,82.0,0.76,13.05
2016-07-27,84.0,0.66,12.83
2016-07-28,82.0,0.62,12.72
2016-07-29,80.0,0.62,11.87
2016-08-01,64.0,0.72,12.44
2016-08-02,78.0,0.72,13.37
2016-08-03,80.0,0.59,12.86
2016-08-04,81.0,0.65,12.42
2016-08-05,85.0,0.52,11.39
2016-08-08,80.0,0.58,11.5
2016-08-09,75.0,0.61,11.66
2016-08-10,78.0,0.62,12.05
2016-08-11,78.0,0.61,11.68
2016-08-12,75.0,0.55,11.55
2016-08-15,78.0,0.51,11.81
2016-08-16,78.0,0.7,12.64
2016-08-17,77.0,0.59,12.19
2016-08-18,78.0,0.54,11.43
2016-08-19,76.0,0.6,11.34
2016-08-22,74.0,0.63,12.27
2016-08-23,75.0,0.56,12.38
2016-08-24,70.0,0.68,13.45
2016-08-25,65.0,0.75,13.63
2016-08-26,63.0,0.73,13.65
2016-08-29,64.0,0.6,12.94
2016-08-30,64.0,0.63,13.12
2016-08-31,62.0,0.7,13.42
2016-09-01,63.0,0.7,13.48
2016-09-02,63.0,0.61,11.98
2016-09-06,65.0,0.5,12.02
2016-09-07,64.0,0.57,11.94
2016-09-08,69.0,0.61,12.51
2016-09-09,47.0,0.78,17.5
2016-09-12,55.0,0.64,15.16
2016-09-13,36.0,0.75,17.85
2016-09-14,34.0,0.55,18.139999
2016-09-15,39.0,0.7,16.299999
2016-09-16,44.0,0.65,15.37
2016-09-19,45.0,0.56,15.53
2016-09-20,45.0,0.66,15.92
2016-09-21,54.0,0.63,13.3
2016-09-22,59.0,0.57,12.02
2016-09-23,53.0,0.65,12.29
2016-09-26,47.0,0.73,14.5
2016-09-27,45.0,0.62,13.1
2016-09-28,45.0,0.65,12.39
2016-09-29,44.0,0.74,14.02
2016-09-30,43.0,0.61,13.29
2016-10-03,45.0,0.64,13.57
2016-10-04,49.0,0.51,13.63
2016-10-05,49.0,0.58,12.99
2016-10-06,52.0,0.71,12.84
2016-10-07,55.0,0.68,13.48
2016-10-10,55.0,0.61,13.38
2016-10-11,47.0,0.75,15.36
2016-10-12,45.0,0.64,15.91
2016-10-13,34.0,0.71,16.690001
2016-10-14,33.0,0.68,16.120001
2016-10-17,33.0,0.62,16.209999
2016-10-18,38.0,0.69,15.28
2016-10-19,41.0,0.59,14.41
2016-10-20,38.0,0.53,13.75
2016-10-21,44.0,0.56,13.34
2016-10-24,49.0,0.59,13.02
2016-10-25,49.0,0.69,13.46
2016-10-26,43.0,0.73,14.24
2016-10-27,46.0,0.55,15.36
2016-10-28,33.0,0.78,16.190001
2016-10-31,26.0,0.75,17.059999
2016-11-01,22.0,0.86,18.559999
2016-11-02,18.0,0.99,19.32
2016-11-03,14.0,0.74,22.08
2016-11-04,14.0,0.7,22.51
2016-11-07,34.0,0.68,18.709999
2016-11-08,30.0,0.69,18.74
2016-11-09,42.0,0.61,14.38
2016-11-10,38.0,0.6,14.74
2016-11-11,48.0,0.53,14.17
2016-11-14,57.0,0.57,14.48
2016-11-15,63.0,0.51,13.37
2016-11-16,60.0,0.63,13.72
2016-11-17,63.0,0.65,13.35
2016-11-18,61.0,0.68,12.85
2016-11-21,68.0,0.57,12.42
2016-11-22,67.0,0.63,12.41
2016-11-23,70.0,0.6,12.43
2016-11-25,71.0,0.61,12.34
2016-11-28,72.0,0.57,13.15
2016-11-29,72.0,0.62,12.9
2016-11-30,73.0,0.54,13.33
2016-12-01,71.0,0.66,14.07
2016-12-02,71.0,0.67,14.12
2016-12-05,75.0,0.63,12.14
2016-12-06,79.0,0.58,11.79
2016-12-07,83.0,0.46,12.22
2016-12-08,83.0,0.5,12.64
2016-12-09,86.0,0.53,11.75
2016-12-12,87.0,0.57,12.64
2016-12-13,86.0,0.54,12.72
2016-12-14,86.0,0.58,13.19
2016-12-15,86.0,0.59,12.79
2016-12-16,84.0,0.62,12.2
2016-12-19,79.0,0.71,11.71
2016-12-20,75.0,0.63,11.45
2016-12-21,75.0,0.77,11.27
2016-12-22,71.0,0.67,11.43
2016-12-23,66.0,0.66,11.44
2016-12-27,70.0,0.62,11.99
2016-12-28,66.0,0.61,12.95
2016-12-29,65.0,0.62,13.37
2016-12-30,58.0,0.76,14.04
2017-01-03,70.0,0.69,12.85
2017-01-04,70.0,0.64,11.85
2017-01-05,70.0,0.69,11.67
2017-01-06,68.0,0.68,11.32
2017-01-09,62.0,0.62,11.56
2017-01-10,62.0,0.64,11.49
2017-01-11,61.0,0.63,11.26
2017-01-12,55.0,0.68,11.54
2017-01-13,58.0,0.63,11.23
2017-01-17,58.0,0.65,11.87
2017-01-18,55.0,0.67,12.48
2017-01-19,53.0,0.56,12.78
2017-01-20,53.0,0.7,11.54
2017-01-23,55.0,0.72,11.77
2017-01-24,59.0,0.65,11.07
2017-01-25,55.0,0.61,10.81
2017-01-26,58.0,0.65,10.63
2017-01-27,60.0,0.73,10.58
2017-01-30,55.0,0.82,11.88
2017-01-31,54.0,0.7,11.99
2017-02-01,55.0,0.71,11.81
2017-02-02,51.0,0.64,11.93
2017-02-03,60.0,0.68,10.97
2017-02-06,57.0,0.75,11.37
2017-02-07,57.0,0.7,11.29
2017-02-08,61.0,0.69,11.45
2017-02-09,66.0,0.58,10.88
2017-02-10,70.0,0.7,10.85
2017-02-13,72.0,0.61,11.07
2017-02-14,78.0,0.53,10.74
2017-02-15,80.0,0.58,11.97
2017-02-16,79.0,0.54,11.76
2017-02-17,78.0,0.59,11.49
2017-02-21,83.0,0.61,11.57
2017-02-22,80.0,0.6,11.74
2017-02-23,75.0,0.62,11.71
2017-02-24,68.0,0.72,11.47
2017-02-27,71.0,0.63,12.09
2017-02-28,64.0,0.7,12.92
2017-03-01,81.0,0.53,12.54
2017-03-02,78.0,0.56,11.81
2017-03-03,77.0,0.7,10.96
2017-03-06,69.0,0.67,11.24
2017-03-07,65.0,0.54,11.45
2017-03-08,65.0,0.62,11.86
2017-03-09,62.0,0.72,12.3
2017-03-10,65.0,0.57,11.66
2017-03-13,64.0,0.7,11.35
2017-03-14,58.0,0.73,12.3
2017-03-15,50.0,0.61,11.63
2017-03-16,51.0,0.57,11.21
2017-03-17,45.0,0.61,11.28
2017-03-20,43.0,0.64,11.34
2017-03-21,37.0,0.79,12.47
2017-03-22,32.0,0.73,12.81
2017-03-23,31.0,0.67,13.12
2017-03-24,31.0,0.69,12.96
2017-03-27,27.0,0.58,12.5
2017-03-28,39.0,0.6,11.53
2017-03-29,39.0,0.54,11.42
2017-03-30,43.0,0.58,11.54
2017-03-31,47.0,0.56,12.37
2017-04-03,45.0,0.67,12.38
2017-04-04,43.0,0.62,11.79
2017-04-05,43.0,0.61,12.89
2017-04-06,43.0,0.66,12.39
2017-04-07,40.0,0.67,12.87
2017-04-10,32.0,0.62,14.05
2017-04-11,31.0,0.79,15.07
2017-04-12,28.0,0.69,15.77
2017-04-13,25.0,0.96,15.96
2017-04-17,30.0,0.63,14.66
2017-04-18,32.0,0.62,14.42
2017-04-19,30.0,0.7,14.93
2017-04-20,34.0,0.68,14.15
2017-04-21,37.0,0.67,14.63
2017-04-24,39.0,0.61,10.84
2017-04-25,46.0,0.61,10.76
2017-04-26,48.0,0.63,10.85
2017-04-27,50.0,0.72,10.36
2017-04-28,49.0,0.68,10.82
2017-05-01,51.0,0.62,10.11
2017-05-02,47.0,0.61,10.59
2017-05-03,47.0,0.69,10.68
2017-05-04,45.0,0.77,10.46
2017-05-05,47.0,0.64,10.57
2017-05-08,55.0,0.6,9.77
2017-05-09,61.0,0.63,9.96
2017-05-10,61.0,0.62,10.21
2017-05-11,63.0,0.65,10.6
2017-05-12,62.0,0.57,10.4
2017-05-15,54.0,0.55,10.42
2017-05-16,66.0,0.54,10.65
2017-05-17,45.0,0.73,15.59
2017-05-18,47.0,0.7,14.66
2017-05-19,49.0,0.62,12.04
2017-05-22,52.0,0.54,10.93
2017-05-23,49.0,0.6,10.72
2017-05-24,54.0,0.62,10.02
2017-05-25,57.0,0.59,9.99
2017-05-26,58.0,0.64,9.81
2017-05-30,52.0,0.68,10.38
2017-05-31,50.0,0.63,10.41
2017-06-01,58.0,0.66,9.89
2017-06-02,57.0,0.6,9.75
2017-06-05,58.0,0.51,10.07
2017-06-06,55.0,0.59,10.45
2017-06-07,55.0,0.58,10.39
2017-06-08,55.0,0.55,10.16
2017-06-09,54.0,0.72,10.7
2017-06-12,53.0,0.68,11.46
2017-06-13,55.0,0.64,10.42
2017-06-14,52.0,0.67,10.64
2017-06-15,52.0,0.8,10.9
2017-06-16,50.0,0.67,10.38
2017-06-19,57.0,0.58,10.37
2017-06-20,50.0,0.72,10.86
2017-06-21,47.0,0.59,10.75
2017-06-22,50.0,0.5,10.48
2017-06-23,52.0,0.58,10.02
2017-06-26,53.0,0.64,9.9
2017-06-27,48.0,0.6,11.06
2017-06-28,60.0,0.68,10.03
2017-06-29,47.0,0.69,11.44
2017-06-30,49.0,0.67,11.18
2017-07-03,52.0,0.55,11.22
2017-07-05,57.0,0.61,11.07
2017-07-06,44.0,0.65,12.54
2017-07-07,49.0,0.66,11.19
2017-07-10,46.0,0.64,11.11
2017-07-11,44.0,0.69,10.89
2017-07-12,47.0,0.6,10.3
2017-07-13,54.0,0.62,9.9
2017-07-14,64.0,0.53,9.51
2017-07-17,67.0,0.63,9.82
2017-07-18,74.0,0.62,9.89
2017-07-19,69.0,0.56,9.79
2017-07-20,73.0,0.53,9.58
2017-07-21,73.0,0.56,9.36
2017-07-24,73.0,0.68,9.43
2017-07-25,70.0,0.61,9.43
2017-07-26,75.0,0.65,9.6
2017-07-27,73.0,0.71,10.11
2017-07-28,69.0,0.63,10.29
2017-07-31,66.0,0.62,10.26
2017-08-01,66.0,0.64,10.09
2017-08-02,61.0,0.75,10.28
2017-08-03,59.0,0.71,10.44
2017-08-04,64.0,0.66,10.03
2017-08-07,58.0,0.77,9.93
2017-08-08,52.0,0.67,10.96
2017-08-09,41.0,0.83,11.11
2017-08-10,31.0,0.88,16.040001
2017-08-11,25.0,0.94,15.51
2017-08-14,36.0,0.59,12.33
2017-08-15,27.0,0.68,12.04
2017-08-16,32.0,0.62,11.74
2017-08-17,17.0,0.78,15.55
2017-08-18,17.0,0.82,14.26
2017-08-21,15.0,0.57,13.19
2017-08-22,23.0,0.55,11.35
2017-08-23,19.0,0.58,12.25
2017-08-24,22.0,0.69,12.23
2017-08-25,29.0,0.69,11.28
2017-08-28,35.0,0.55,11.32
2017-08-29,29.0,0.61,11.7
2017-08-30,34.0,0.57,11.22
2017-08-31,43.0,0.57,10.59
2017-09-01,49.0,0.56,10.13
2017-09-05,62.0,0.67,12.23
2017-09-06,41.0,0.56,11.63
2017-09-07,38.0,0.55,11.55
2017-09-08,38.0,0.73,12.12
2017-09-11,59.0,0.65,10.73
2017-09-12,59.0,0.58,10.58
2017-09-13,67.0,0.55,10.5
2017-09-14,68.0,0.56,10.44
2017-09-15,77.0,0.63,10.17
2017-09-18,80.0,0.61,10.15
2017-09-19,81.0,0.67,10.18
2017-09-20,79.0,0.61,9.78
2017-09-21,73.0,0.66,9.67
2017-09-22,70.0,0.77,9.59
2017-09-25,72.0,0.64,10.21
2017-09-26,67.0,0.69,10.17
2017-09-27,73.0,0.61,9.87
2017-09-28,79.0,0.52,9.55
2017-09-29,84.0,0.59,9.51
2017-10-02,91.0,0.61,9.45
2017-10-03,92.0,0.66,9.51
2017-10-04,91.0,0.58,9.63
2017-10-05,94.0,0.69,9.19
2017-10-06,92.0,0.7,9.65
2017-10-09,84.0,0.73,10.33
2017-10-10,85.0,0.54,10.08
2017-10-11,83.0,0.62,9.85
2017-10-12,79.0,0.7,9.91
2017-10-13,74.0,0.65,9.61
2017-10-16,78.0,0.7,9.91
2017-10-17,78.0,0.66,10.31
2017-10-18,82.0,0.72,10.07
2017-10-19,83.0,0.7,10.05
2017-10-20,89.0,0.6,9.97
2017-10-23,80.0,0.65,11.07
2017-10-24,75.0,0.63,11.16
2017-10-25,75.0,0.71,11.23
2017-10-26,71.0,0.61,11.3
2017-10-27,74.0,0.55,9.8
2017-10-30,65.0,0.69,10.5
2017-10-31,69.0,0.57,10.18
2017-11-01,69.0,0.71,10.2
2017-11-02,66.0,0.63,9.93
2017-11-03,66.0,0.6,9.14
2017-11-06,58.0,0.61,9.4
2017-11-07,61.0,0.64,9.89
2017-11-08,54.0,0.68,9.78
2017-11-09,54.0,0.64,10.5
2017-11-10,59.0,0.66,11.29
2017-11-13,49.0,0.69,11.5
2017-11-14,49.0,0.62,11.59
2017-11-15,36.0,0.74,13.13
2017-11-16,50.0,0.64,11.76
2017-11-17,44.0,0.56,11.43
2017-11-20,51.0,0.59,10.65
2017-11-21,54.0,0.58,9.73
2017-11-22,54.0,0.57,9.88
2017-11-24,59.0,0.62,9.67
2017-11-27,51.0,0.61,9.87
2017-11-28,60.0,0.5,10.03
2017-11-29,67.0,0.52,10.7
2017-11-30,73.0,0.55,11.28
2017-12-01,70.0,0.63,11.43
2017-12-04,64.0,0.56,11.68
2017-12-05,60.0,0.57,11.33
2017-12-06,62.0,0.67,11.02
2017-12-07,60.0,0.58,10.16
2017-12-08,62.0,0.6,9.58
2017-12-11,62.0,0.63,9.34
2017-12-12,67.0,0.51,9.92
2017-12-13,67.0,0.57,10.18
2017-12-14,69.0,0.6,10.49
2017-12-15,68.0,0.57,9.42
2017-12-18,74.0,0.5,9.53
2017-12-19,72.0,0.53,10.03
2017-12-20,72.0,0.56,9.72
2017-12-21,68.0,0.56,9.62
2017-12-22,66.0,0.64,9.9
2017-12-26,64.0,0.58,10.25
2017-12-27,61.0,0.55,10.47
2017-12-28,58.0,0.57,10.18
2017-12-29,53.0,0.59,11.04
2018-01-02,67.0,0.47,9.77
2018-01-03,67.0,0.54,9.15
2018-01-04,72.0,0.5,9.22
2018-01-05,75.0,0.58,9.22
2018-01-08,75.0,0.63,9.52
2018-01-09,75.0,0.6,10.08
2018-01-10,75.0,0.65,9.82
2018-01-11,77.0,0.5,9.88
2018-01-12,79.0,0.5,10.16
2018-01-16,75.0,0.49,11.66
2018-01-17,75.0,0.48,11.91
2018-01-18,72.0,0.56,12.22
2018-01-19,80.0,0.56,11.27
2018-01-22,78.0,0.56,11.03
2018-01-23,78.0,0.52,11.1
2018-01-24,78.0,0.53,11.47
2018-01-25,77.0,0.56,11.58
2018-01-26,79.0,0.49,11.08
2018-01-29,62.0,0.57,13.84
2018-01-30,61.0,0.61,14.79
2018-01-31,61.0,0.59,13.54
2018-02-01,58.0,0.59,13.47
2018-02-02,17.0,0.77,17.309999
2018-02-05,18.0,0.73,37.32
2018-02-06,18.0,0.75,29.98
2018-02-07,16.0,0.68,27.73
2018-02-08,10.0,0.75,33.459999
2018-02-09,10.0,0.88,29.059999
2018-02-12,13.0,0.67,25.610001
2018-02-13,10.0,0.73,24.969999
2018-02-14,15.0,0.59,19.26
2018-02-15,18.0,0.61,19.129999
2018-02-16,18.0,0.52,19.459999
2018-02-20,17.0,0.66,20.6
2018-02-21,15.0,0.58,20.02
2018-02-22,18.0,0.63,18.719999
2018-02-23,18.0,0.62,16.49
2018-02-26,20.0,0.59,15.8
2018-02-27,17.0,0.63,18.59
2018-02-28,15.0,0.67,19.85
2018-03-01,8.0,0.72,22.469999
2018-03-02,10.0,0.71,19.59
2018-03-05,14.0,0.55,18.73
2018-03-06,26.0,0.52,18.360001
2018-03-07,23.0,0.58,17.76
2018-03-08,25.0,0.61,16.540001
2018-03-09,44.0,0.53,14.64
2018-03-12,40.0,0.57,15.78
2018-03-13,36.0,0.57,16.35
2018-03-14,29.0,0.69,17.23
2018-03-15,21.0,0.63,16.59
2018-03-16,19.0,0.63,15.8
2018-03-19,14.0,0.67,19.02
2018-03-20,16.0,0.68,18.200001
2018-03-21,16.0,0.62,17.860001
2018-03-22,11.0,0.74,23.34
2018-03-23,7.0,0.76,24.870001
2018-03-26,8.0,0.63,21.030001
2018-03-27,6.0,0.71,22.5
2018-03-28,7.0,0.68,22.870001
2018-03-29,8.0,0.63,19.969999
2018-04-02,7.0,0.77,23.620001
2018-04-03,9.0,0.65,21.1
2018-04-04,11.0,0.63,20.059999
2018-04-05,13.0,0.61,18.940001
2018-04-06,9.0,0.76,21.49
2018-04-09,12.0,0.61,21.77
2018-04-10,14.0,0.57,20.469999
2018-04-11,18.0,0.65,20.24
2018-04-12,22.0,0.66,18.49
2018-04-13,23.0,0.66,17.41
2018-04-16,25.0,0.64,16.559999
2018-04-17,28.0,0.68,15.25
2018-04-18,32.0,0.56,15.6
2018-04-19,32.0,0.64,15.96
2018-04-20,38.0,0.65,16.879999
2018-04-23,40.0,0.61,16.34
2018-04-24,32.0,0.68,18.02
2018-04-25,38.0,0.7,17.84
2018-04-26,42.0,0.61,16.24
2018-04-27,40.0,0.64,15.41
2018-04-30,42.0,0.61,15.93
2018-05-01,38.0,0.68,15.49
2018-05-02,39.0,0.65,15.97
2018-05-03,32.0,0.76,15.9
2018-05-04,40.0,0.55,14.77
2018-05-07,41.0,0.54,14.75
2018-05-08,49.0,0.61,14.71
2018-05-09,49.0,0.58,13.42
2018-05-10,53.0,0.51,13.23
2018-05-11,54.0,0.6,12.65
2018-05-14,54.0,0.62,12.93
2018-05-15,55.0,0.62,14.63
2018-05-16,53.0,0.5,13.42
2018-05-17,53.0,0.57,13.43
2018-05-18,52.0,0.66,13.42
2018-05-21,56.0,0.54,13.08
2018-05-22,59.0,0.58,13.22
2018-05-23,54.0,0.65,12.58
2018-05-24,48.0,0.64,12.53
2018-05-25,44.0,0.61,13.22
2018-05-29,34.0,0.65,17.02
2018-05-30,42.0,0.56,14.94
2018-05-31,43.0,0.63,15.43
2018-06-01,52.0,0.56,13.46
2018-06-04,55.0,0.55,12.74
2018-06-05,58.0,0.48,12.4
2018-06-06,65.0,0.53,11.64
2018-06-07,62.0,0.56,12.13
2018-06-08,63.0,0.6,12.18
2018-06-11,64.0,0.54,12.35
2018-06-12,65.0,0.5,12.34
2018-06-13,64.0,0.54,12.94
2018-06-14,63.0,0.5,12.12
2018-06-15,61.0,0.61,11.98
2018-06-18,61.0,0.54,12.31
2018-06-19,53.0,0.59,13.35
2018-06-20,57.0,0.56,12.79
2018-06-21,52.0,0.56,14.64
2018-06-22,52.0,0.56,13.77
2018-06-25,42.0,0.61,17.33
2018-06-26,47.0,0.52,15.92
2018-06-27,36.0,0.67,17.91
2018-06-28,39.0,0.65,16.85
2018-06-29,34.0,0.69,16.09
2018-07-02,35.0,0.58,15.6
2018-07-03,32.0,0.67,16.139999
2018-07-05,33.0,0.6,14.97
2018-07-06,40.0,0.57,13.37
2018-07-09,47.0,0.53,12.69
2018-07-10,45.0,0.74,12.64
2018-07-11,41.0,0.59,13.63
2018-07-12,49.0,0.56,12.58
2018-07-13,47.0,0.62,12.18
2018-07-16,45.0,0.7,12.83
2018-07-17,49.0,0.65,12.06
2018-07-18,56.0,0.56,12.1
2018-07-19,50.0,0.62,12.87
2018-07-20,53.0,0.66,12.86
2018-07-23,58.0,0.55,12.62
2018-07-24,64.0,0.63,12.41
2018-07-25,70.0,0.61,12.29
2018-07-26,72.0,0.63,12.14
2018-07-27,67.0,0.67,13.03
2018-07-30,64.0,0.72,14.26
2018-07-31,66.0,0.69,12.83
2018-08-01,66.0,0.67,13.15
2018-08-02,68.0,0.58,12.19
2018-08-03,71.0,0.56,11.64
2018-08-06,72.0,0.62,11.27
2018-08-07,73.0,0.64,10.93
2018-08-08,74.0,0.62,10.85
2018-08-09,70.0,0.62,11.27
2018-08-10,56.0,0.7,13.16
2018-08-13,56.0,0.64,14.78
2018-08-14,58.0,0.66,13.31
2018-08-15,46.0,0.66,14.64
2018-08-16,51.0,0.6,13.45
2018-08-17,54.0,0.7,12.64
2018-08-20,61.0,0.55,12.49
2018-08-21,61.0,0.58,12.86
2018-08-22,61.0,0.6,12.25
2018-08-23,59.0,0.61,12.41
2018-08-24,68.0,0.57,11.99
2018-08-27,77.0,0.53,12.16
2018-08-28,78.0,0.53,12.5
2018-08-29,78.0,0.55,12.25
2018-08-30,73.0,0.58,13.53
2018-08-31,71.0,0.63,12.86
2018-09-04,67.0,0.59,13.16
2018-09-05,62.0,0.62,13.91
2018-09-06,53.0,0.74,14.65
2018-09-07,52.0,0.69,14.88
2018-09-10,56.0,0.62,14.16
2018-09-11,59.0,0.61,13.22
2018-09-12,59.0,0.55,13.14
2018-09-13,72.0,0.5,12.37
2018-09-14,73.0,0.58,12.07
2018-09-17,67.0,0.64,13.68
2018-09-18,73.0,0.55,12.79
2018-09-19,71.0,0.57,11.75
2018-09-20,74.0,0.56,11.8
2018-09-21,75.0,0.57,11.68
2018-09-24,70.0,0.63,12.2
2018-09-25,64.0,0.52,12.42
2018-09-26,53.0,0.59,12.89
2018-09-27,48.0,0.61,12.41
2018-09-28,47.0,0.64,12.12
2018-10-01,49.0,0.57,12.0
2018-10-02,45.0,0.54,12.05
2018-10-03,51.0,0.56,11.61
2018-10-04,43.0,0.72,14.22
2018-10-05,33.0,0.84,14.82
2018-10-08,28.0,0.66,15.69
2018-10-09,23.0,0.62,15.95
2018-10-10,8.0,0.74,22.959999
2018-10-11,5.0,0.68,24.98
2018-10-12,11.0,0.67,21.309999
2018-10-15,11.0,0.61,21.299999
2018-10-16,13.0,0.63,17.620001
2018-10-17,14.0,0.68,17.4
2018-10-18,12.0,0.73,20.059999
2018-10-19,14.0,0.82,19.889999
2018-10-22,16.0,0.57,19.639999
2018-10-23,12.0,0.61,20.709999
2018-10-24,6.0,0.71,25.23
2018-10-25,9.0,0.66,24.219999
2018-10-26,7.0,0.8,24.16
2018-10-29,7.0,0.74,24.700001
2018-10-30,7.0,0.69,23.35
2018-10-31,7.0,0.65,21.23
2018-11-01,6.0,0.51,19.34
2018-11-02,8.0,0.68,19.51
2018-11-05,9.0,0.61,19.959999
2018-11-06,12.0,0.67,19.91
2018-11-07,25.0,0.59,16.360001
2018-11-08,29.0,0.64,16.719999
2018-11-09,18.0,0.8,17.360001
2018-11-12,11.0,0.73,20.450001
2018-11-13,10.0,0.7,20.02
2018-11-14,7.0,0.81,21.25
2018-11-15,10.0,0.73,19.98
2018-11-16,10.0,0.74,18.139999
2018-11-19,8.0,0.72,20.1
2018-11-20,7.0,0.82,22.48
2018-11-21,13.0,0.73,20.799999
2018-11-23,9.0,0.85,21.52
2018-11-26,17.0,0.64,18.9
2018-11-27,19.0,0.7,19.02
2018-11-28,21.0,0.62,18.49
2018-11-29,23.0,0.57,18.790001
2018-11-30,22.0,0.53,18.07
2018-12-03,20.0,0.57,16.440001
2018-12-04,20.0,0.69,20.74
2018-12-06,15.0,0.85,21.190001
2018-12-07,11.0,0.77,23.23
2018-12-10,9.0,0.7,22.639999
2018-12-11,8.0,0.65,21.76
2018-12-12,10.0,0.62,21.459999
2018-12-13,11.0,0.75,20.65
2018-12-14,8.0,0.79,21.629999
2018-12-17,10.0,0.97,24.52
2018-12-18,8.0,0.69,25.58
2018-12-19,8.0,0.85,25.58
2018-12-20,5.0,0.91,28.379999
2018-12-21,3.0,1.13,30.110001
2018-12-24,2.0,0.79,36.07
2018-12-26,4.0,0.62,30.41
2018-12-27,8.0,0.73,29.959999
2018-12-28,12.0,0.44,28.34
2018-12-31,12.0,0.6,25.42
2019-01-02,12.0,0.67,23.219999
2019-01-03,10.0,0.73,25.450001
2019-01-04,16.0,0.59,21.379999
2019-01-07,19.0,0.6,21.4
2019-01-08,22.0,0.63,20.469999
2019-01-09,27.0,0.59,19.98
2019-01-10,31.0,0.65,19.5
2019-01-11,30.0,0.77,18.190001
2019-01-14,28.0,0.65,19.07
2019-01-15,31.0,0.7,18.6
2019-01-16,36.0,0.6,19.040001
2019-01-17,44.0,0.52,18.059999
2019-01-18,51.0,0.54,17.799999
2019-01-22,51.0,0.64,20.799999
2019-01-23,55.0,0.64,19.52
2019-01-24,58.0,0.72,18.889999
2019-01-25,58.0,0.51,17.42
2019-01-28,55.0,0.76,18.870001
2019-01-29,55.0,0.68,19.129999
2019-01-30,58.0,0.63,17.66
2019-01-31,58.0,0.53,16.57
2019-02-01,61.0,0.6,16.139999
2019-02-04,62.0,0.6,15.73
2019-02-05,64.0,0.56,15.57
2019-02-06,63.0,0.64,15.38
2019-02-07,63.0,0.7,16.370001
2019-02-08,63.0,0.61,15.72
2019-02-11,62.0,0.6,15.97
2019-02-12,67.0,0.57,15.43
2019-02-13,65.0,0.57,15.65
2019-02-14,67.0,0.6,16.219999
2019-02-15,67.0,0.52,14.91
2019-02-19,69.0,0.61,14.88
2019-02-20,70.0,0.54,14.02
2019-02-21,70.0,0.66,14.46
2019-02-22,69.0,0.63,13.51
2019-02-25,70.0,0.55,14.85
2019-02-26,70.0,0.6,15.17
2019-02-27,72.0,0.54,14.7
2019-02-28,72.0,0.63,14.78
2019-03-01,71.0,0.6,13.57
2019-03-04,65.0,0.67,14.63
2019-03-05,63.0,0.67,14.74
2019-03-06,61.0,0.7,15.74
2019-03-07,58.0,0.76,16.59
2019-03-08,55.0,0.75,16.049999
2019-03-11,59.0,0.57,14.33
2019-03-12,59.0,0.66,13.77
2019-03-13,60.0,0.52,13.41
2019-03-14,60.0,0.65,13.5
2019-03-15,65.0,0.57,12.88
2019-03-18,67.0,0.52,13.1
2019-03-19,67.0,0.58,13.56
2019-03-20,64.0,0.58,13.91
2019-03-21,64.0,0.51,13.63
2019-03-22,59.0,0.68,16.48
2019-03-25,55.0,0.62,16.33
2019-03-26,51.0,0.65,14.68
2019-03-27,52.0,0.69,15.15
2019-03-28,48.0,0.71,14.43
2019-03-29,49.0,0.65,13.71
2019-04-01,56.0,0.61,13.4
2019-04-02,56.0,0.57,13.36
2019-04-03,64.0,0.52,13.74
2019-04-04,70.0,0.59,13.58
2019-04-05,74.0,0.59,12.82
2019-04-08,72.0,0.68,13.18
2019-04-09,70.0,0.58,14.28
2019-04-10,72.0,0.62,13.3
2019-04-11,68.0,0.67,13.02
2019-04-12,72.0,0.54,12.01
2019-04-15,70.0,0.57,12.32
2019-04-16,69.0,0.58,12.18
2019-04-17,71.0,0.55,12.6
2019-04-18,70.0,0.62,12.09
2019-04-22,71.0,0.6,12.42
2019-04-23,73.0,0.59,12.28
2019-04-24,70.0,0.6,13.14
2019-04-25,71.0,0.57,13.25
2019-04-26,72.0,0.63,12.73
2019-04-29,69.0,0.61,13.11
2019-04-30,65.0,0.65,13.12
2019-05-01,65.0,0.63,14.8
2019-05-02,59.0,0.64,14.42
2019-05-03,58.0,0.52,12.87
2019-05-06,40.0,0.63,15.44
2019-05-07,42.0,0.68,19.32
2019-05-08,42.0,0.66,19.4
2019-05-09,40.0,0.7,19.1
2019-05-10,41.0,0.8,16.040001
2019-05-13,35.0,0.79,20.549999
2019-05-14,35.0,0.7,18.059999
2019-05-15,35.0,0.77,16.440001
2019-05-16,37.0,0.66,15.29
2019-05-17,36.0,0.81,15.96
2019-05-20,33.0,0.65,16.309999
2019-05-21,34.0,0.57,14.95
2019-05-22,32.0,0.72,14.75
2019-05-23,28.0,0.8,16.92
2019-05-24,27.0,0.76,15.85
2019-05-28,23.0,0.68,17.5
2019-05-29,25.0,0.63,17.9
2019-05-30,24.0,0.64,17.299999
2019-05-31,24.0,0.83,18.709999
2019-06-03,25.0,0.67,18.860001
2019-06-04,28.0,0.67,16.969999
2019-06-05,29.0,0.64,16.09
2019-06-06,29.0,0.66,15.93
2019-06-07,32.0,0.51,16.299999
2019-06-10,37.0,0.57,15.94
2019-06-11,36.0,0.65,15.99
2019-06-12,34.0,0.77,15.91
2019-06-13,39.0,0.63,15.82
2019-06-14,38.0,0.63,15.28
2019-06-17,40.0,0.72,15.35
2019-06-18,44.0,0.55,15.15
2019-06-19,42.0,0.61,14.33
2019-06-20,45.0,0.52,14.75
2019-06-21,52.0,0.53,15.4
2019-06-24,50.0,0.59,15.26
2019-06-25,44.0,0.63,16.280001
2019-06-26,48.0,0.67,16.209999
2019-06-27,47.0,0.58,15.82
2019-06-28,50.0,0.55,15.08
2019-07-01,55.0,0.65,14.06
2019-07-02,62.0,0.66,12.93
2019-07-03,62.0,0.64,12.57
2019-07-05,61.0,0.61,13.28
2019-07-08,59.0,0.63,13.96
2019-07-09,56.0,0.58,14.09
2019-07-10,58.0,0.51,13.03
2019-07-11,62.0,0.61,12.93
2019-07-12,64.0,0.55,12.39
2019-07-15,57.0,0.59,12.68
2019-07-16,55.0,0.62,12.86
2019-07-17,47.0,0.67,13.97
2019-07-18,47.0,0.6,13.53
2019-07-19,44.0,0.6,14.45
2019-07-22,44.0,0.71,13.53
2019-07-23,50.0,0.61,12.61
2019-07-24,57.0,0.66,12.07
2019-07-25,55.0,0.68,12.74
2019-07-26,60.0,0.6,12.16
2019-07-29,58.0,0.71,12.83
2019-07-30,53.0,0.73,13.94
2019-07-31,48.0,0.62,16.120001
2019-08-01,43.0,0.75,17.870001
2019-08-02,36.0,0.87,17.610001
2019-08-05,22.0,0.84,24.59
2019-08-06,27.0,0.78,20.17
2019-08-07,25.0,0.78,19.49
2019-08-08,25.0,0.62,16.91
2019-08-09,25.0,0.68,17.969999
2019-08-12,23.0,0.78,21.09
2019-08-13,27.0,0.66,17.52
2019-08-14,21.0,0.84,22.1
2019-08-15,19.0,0.98,21.18
2019-08-16,20.0,0.67,18.469999
2019-08-19,26.0,0.55,16.879999
2019-08-20,23.0,0.69,17.5
2019-08-21,25.0,0.6,15.8
2019-08-22,25.0,0.74,16.68
2019-08-23,18.0,0.88,19.870001
2019-08-26,19.0,0.58,19.32
2019-08-27,16.0,0.64,20.309999
2019-08-28,18.0,0.64,19.35
2019-08-29,26.0,0.66,17.879999
2019-08-30,23.0,0.68,18.98
2019-09-03,25.0,0.73,19.66
2019-09-04,28.0,0.68,17.33
2019-09-05,39.0,0.53,16.27
2019-09-06,35.0,0.56,15.0
2019-09-09,45.0,0.59,15.27
2019-09-10,55.0,0.65,15.2
2019-09-11,57.0,0.54,14.61
2019-09-12,65.0,0.55,14.22
2019-09-13,68.0,0.62,13.74
2019-09-16,67.0,0.68,14.67
2019-09-17,66.0,0.56,14.44
2019-09-18,66.0,0.7,13.95
2019-09-19,63.0,0.67,14.05
2019-09-20,58.0,0.65,15.32
2019-09-23,59.0,0.65,14.91
2019-09-24,54.0,0.7,17.049999
2019-09-25,59.0,0.67,15.96
2019-09-26,57.0,0.74,16.07
2019-09-27,52.0,0.72,17.219999
2019-09-30,54.0,0.67,16.24
2019-10-01,48.0,0.73,18.559999
2019-10-02,34.0,0.84,20.559999
2019-10-03,29.0,0.77,19.120001
2019-10-04,32.0,0.65,17.040001
2019-10-07,30.0,0.94,17.860001
2019-10-08,29.0,0.73,20.280001
2019-10-09,30.0,0.58,18.639999
2019-10-10,36.0,0.62,17.57
2019-10-11,42.0,0.51,15.58
2019-10-14,42.0,0.62,14.57
2019-10-15,42.0,0.61,13.54
2019-10-16,47.0,0.63,13.68
2019-10-17,50.0,0.65,13.79
2019-10-18,50.0,0.99,14.25
2019-10-21,56.0,0.64,14.0
2019-10-22,59.0,0.61,14.46
2019-10-23,55.0,0.69,14.01
2019-10-24,57.0,0.68,13.71
2019-10-25,62.0,0.56,12.65
2019-10-28,67.0,0.51,13.11
2019-10-29,71.0,0.55,13.2
2019-10-30,75.0,0.6,12.33
2019-10-31,72.0,0.71,13.22
2019-11-01,80.0,0.53,12.3
2019-11-04,86.0,0.54,12.83
2019-11-05,89.0,0.58,13.1
2019-11-06,88.0,0.63,12.62
2019-11-07,91.0,0.54,12.73
2019-11-08,91.0,0.59,12.07
2019-11-11,89.0,0.61,12.69
2019-11-12,88.0,0.59,12.68
2019-11-13,87.0,0.58,13.0
2019-11-14,83.0,0.47,13.05
2019-11-15,87.0,0.49,12.05
2019-11-18,83.0,0.55,12.46
2019-11-19,80.0,0.58,12.86
2019-11-20,74.0,0.64,12.78
2019-11-21,70.0,0.59,13.13
2019-11-22,69.0,0.58,12.34
2019-11-25,70.0,0.63,11.87
2019-11-26,69.0,0.57,11.54
2019-11-27,78.0,0.58,11.75
2019-11-29,79.0,0.59,12.62
2019-12-02,74.0,0.66,14.91
2019-12-03,63.0,0.7,15.96
2019-12-04,67.0,0.54,14.8
2019-12-05,67.0,0.65,14.52
2019-12-06,70.0,0.53,13.62
2019-12-09,68.0,0.64,15.86
2019-12-10,65.0,0.76,15.68
2019-12-11,61.0,0.52,14.99
2019-12-12,74.0,0.45,13.94
2019-12-13,75.0,0.55,12.63
2019-12-16,82.0,0.61,12.14
2019-12-17,85.0,0.53,12.29
2019-12-18,87.0,0.49,12.58
2019-12-19,90.0,0.54,12.5
2019-12-20,91.0,0.46,12.51
2019-12-23,92.0,0.54,12.61
2019-12-24,91.0,0.52,12.67
2019-12-26,93.0,0.43,12.65
2019-12-27,91.0,0.6,13.43
2019-12-30,90.0,0.59,14.82
2019-12-31,93.0,0.56,13.78
2020-01-02,97.0,0.54,12.47
2020-01-03,93.0,0.55,14.02
2020-01-06,93.0,0.54,13.85
2020-01-07,89.0,0.44,13.79
2020-01-08,92.0,0.47,13.45
2020-01-09,93.0,0.49,12.54
2020-01-10,91.0,0.52,12.56
2020-01-13,90.0,0.47,12.32
2020-01-14,91.0,0.47,12.39
2020-01-15,87.0,0.44,12.42
2020-01-16,89.0,0.47,12.32
2020-01-17,89.0,0.48,12.1
2020-01-21,82.0,0.59,12.85
2020-01-22,74.0,0.52,12.91
2020-01-23,68.0,0.54,12.98
2020-01-24,62.0,0.7,14.56
2020-01-27,48.0,0.64,18.23
2020-01-28,52.0,0.55,16.280001
2020-01-29,53.0,0.5,16.389999
2020-01-30,56.0,0.61,15.49
2020-01-31,44.0,0.74,18.84
2020-02-03,46.0,0.5,17.969999
2020-02-04,55.0,0.46,16.049999
2020-02-05,60.0,0.51,15.15
2020-02-06,64.0,0.47,14.96
2020-02-07,57.0,0.56,15.47
2020-02-10,55.0,0.46,15.04
2020-02-11,56.0,0.45,15.18
2020-02-12,59.0,0.48,13.74
2020-02-13,58.0,0.55,14.15
2020-02-14,55.0,0.58,13.68
2020-02-18,51.0,0.51,14.83
2020-02-19,53.0,0.45,14.38
2020-02-20,50.0,0.51,15.56
2020-02-21,44.0,0.73,17.08
2020-02-24,29.0,0.7,25.030001
2020-02-25,22.0,0.8,27.85
2020-02-26,21.0,0.65,27.559999
2020-02-27,13.0,0.86,39.16
2020-02-28,10.0,0.85,40.110001
2020-03-02,14.0,0.76,33.419998
2020-03-03,10.0,0.73,36.82
2020-03-04,15.0,0.64,31.99
2020-03-05,9.0,0.78,39.619999
2020-03-06,7.0,0.89,41.939999
2020-03-09,3.0,1.12,54.459999
2020-03-10,6.0,0.75,47.299999
2020-03-11,4.0,1.02,53.900002
2020-03-12,2.0,1.28,75.470001
2020-03-13,5.0,1.0,57.830002
2020-03-16,3.0,1.1,82.690002
2020-03-17,4.0,0.86,75.910004
2020-03-18,5.0,0.98,76.449997
2020-03-19,7.0,0.88,72.0
2020-03-20,8.0,0.83,66.040001
2020-03-23,5.0,0.62,61.59
2020-03-24,13.0,0.63,61.669998
2020-03-25,17.0,0.65,63.950001
2020-03-26,22.0,0.58,61.0
2020-03-27,23.0,0.7,65.540001
2020-03-30,25.0,0.68,57.080002
2020-03-31,25.0,0.7,53.540001
2020-04-01,22.0,0.86,57.060001
2020-04-02,21.0,0.82,50.91
2020-04-03,22.0,0.83,46.799999
2020-04-06,27.0,0.69,45.240002
2020-04-07,25.0,0.65,46.700001
2020-04-08,31.0,0.65,43.349998
2020-04-09,43.0,0.65,41.669998
2020-04-13,37.0,0.65,41.169998
2020-04-14,45.0,0.58,37.759998
2020-04-15,41.0,0.7,40.84
2020-04-16,42.0,0.59,40.110001
2020-04-17,44.0,0.6,38.150002
2020-04-20,41.0,0.55,43.830002
2020-04-21,40.0,0.69,45.41
2020-04-22,40.0,0.66,41.98
2020-04-23,40.0,0.59,41.380001
2020-04-24,39.0,0.6,35.93
2020-04-27,42.0,0.58,33.290001
2020-04-28,41.0,0.56,33.57
2020-04-29,47.0,0.53,31.23
2020-04-30,47.0,0.68,34.150002
2020-05-01,42.0,0.82,37.189999
2020-05-04,44.0,0.69,35.970001
2020-05-05,44.0,0.59,33.610001
2020-05-06,40.0,0.59,34.119999
2020-05-07,40.0,0.59,31.440001
2020-05-08,45.0,0.53,27.98
2020-05-11,44.0,0.5,27.57
2020-05-12,39.0,0.6,33.040001
2020-05-13,39.0,0.72,35.279999
2020-05-14,38.0,0.64,32.610001
2020-05-15,39.0,0.57,31.889999
2020-05-18,47.0,0.47,29.299999
2020-05-19,48.0,0.46,30.530001
2020-05-20,52.0,0.49,27.99
2020-05-21,52.0,0.55,29.530001
2020-05-22,50.0,0.57,28.16
2020-05-26,50.0,0.5,28.01
2020-05-27,53.0,0.51,27.620001
2020-05-28,50.0,0.54,28.59
2020-05-29,52.0,0.58,27.51
2020-06-01,58.0,0.46,28.23
2020-06-02,58.0,0.47,26.84
2020-06-03,60.0,0.4,25.66
2020-06-04,62.0,0.43,25.809999
2020-06-05,66.0,0.41,24.52
2020-06-08,67.0,0.37,25.809999
2020-06-09,67.0,0.4,27.57
2020-06-10,67.0,0.45,27.57
2020-06-11,56.0,0.7,40.790001
2020-06-12,54.0,0.71,36.09
2020-06-15,53.0,0.51,34.400002
2020-06-16,52.0,0.45,33.669998
2020-06-17,52.0,0.51,33.470001
2020-06-18,51.0,0.5,32.939999
2020-06-19,52.0,0.57,35.119999
2020-06-22,52.0,0.47,31.77
2020-06-23,52.0,0.45,31.370001
2020-06-24,48.0,0.63,33.84
2020-06-25,49.0,0.54,32.220001
2020-06-26,45.0,0.74,34.73
2020-06-29,48.0,0.55,31.780001
2020-06-30,47.0,0.52,30.43
2020-07-01,48.0,0.46,28.620001
2020-07-02,50.0,0.51,27.68
2020-07-06,51.0,0.42,27.940001
2020-07-07,49.0,0.45,29.43
2020-07-08,52.0,0.4,28.08
2020-07-09,53.0,0.44,29.26
2020-07-10,59.0,0.46,27.290001
2020-07-13,53.0,0.41,32.189999
2020-07-14,61.0,0.43,29.52
2020-07-15,62.0,0.38,27.76
2020-07-16,62.0,0.47,28.0
2020-07-17,63.0,0.46,25.68
2020-07-20,65.0,0.45,24.459999
2020-07-21,65.0,0.39,24.84
2020-07-22,65.0,0.49,24.32
2020-07-23,68.0,0.53,26.08
2020-07-24,63.0,0.6,25.84
2020-07-27,65.0,0.44,24.74
2020-07-28,63.0,0.5,25.440001
2020-07-29,64.0,0.51,24.1
2020-07-30,62.0,0.55,24.76
2020-07-31,65.0,0.54,24.459999
2020-08-03,67.0,0.44,24.280001
2020-08-04,67.0,0.42,23.76
2020-08-05,70.0,0.41,22.99
2020-08-06,73.0,0.42,22.65
2020-08-07,72.0,0.51,22.209999
2020-08-10,75.0,0.41,22.129999
2020-08-11,71.0,0.45,24.030001
2020-08-12,73.0,0.47,22.280001
2020-08-13,72.0,0.46,22.129999
2020-08-14,72.0,0.54,22.049999
2020-08-17,71.0,0.49,21.35
2020-08-18,70.0,0.46,21.51
2020-08-19,68.0,0.43,22.540001
2020-08-20,70.0,0.46,22.719999
2020-08-21,70.0,0.45,22.540001
2020-08-24,71.0,0.42,22.370001
2020-08-25,73.0,0.42,22.030001
2020-08-26,74.0,0.39,23.27
2020-08-27,76.0,0.38,24.469999
2020-08-28,77.0,0.42,22.959999
2020-08-31,74.0,0.45,26.41
2020-09-01,77.0,0.4,26.120001
2020-09-02,78.0,0.4,26.57
2020-09-03,60.0,0.58,33.599998
2020-09-04,59.0,0.67,30.75
2020-09-08,55.0,0.57,31.459999
2020-09-09,65.0,0.62,28.809999
2020-09-10,59.0,0.54,29.709999
2020-09-11,58.0,0.67,26.870001
2020-09-14,59.0,0.49,25.85
2020-09-15,59.0,0.46,25.59
2020-09-16,56.0,0.51,26.040001
2020-09-17,53.0,0.58,26.459999
2020-09-18,52.0,0.63,25.83
2020-09-21,50.0,0.67,27.78
2020-09-22,50.0,0.68,26.86
2020-09-23,50.0,0.7,28.58
2020-09-24,50.0,0.73,28.51
2020-09-25,50.0,0.73,26.38
2020-09-28,50.0,0.7,26.19
2020-09-29,50.0,0.7,26.27
2020-09-30,50.0,0.68,26.37
2020-10-01,50.0,0.64,26.7
2020-10-02,50.0,0.63,27.63
2020-10-05,50.0,0.64,27.96
2020-10-06,50.0,0.64,29.48
2020-10-07,50.0,0.62,28.06
2020-10-08,50.0,0.62,26.36
2020-10-09,50.0,0.6,25.0
2020-10-12,50.0,0.58,25.07
2020-10-13,50.0,0.57,26.07
2020-10-14,50.0,0.56,26.4
2020-10-15,50.0,0.57,26.97
2020-10-16,50.0,0.58,27.41
2020-10-19,50.0,0.59,29.18
2020-10-20,50.0,0.6,29.35
2020-10-21,50.0,0.62,28.65
2020-10-22,50.0,0.62,28.11
2020-10-23,50.0,0.64,27.55
2020-10-26,2.0,0.67,32.46
2020-10-27,2.0,0.68,33.35
2020-10-28,0.0,0.72,40.28
2020-10-29,1.0,0.73,37.59
2020-10-30,1.0,0.79,38.02
2020-11-02,2.0,0.77,37.13
2020-11-03,3.0,0.77,35.55
2020-11-04,50.0,0.75,29.57
2020-11-05,50.0,0.73,27.58
2020-11-06,50.0,0.67,24.86
2020-11-09,50.0,0.64,25.75
2020-11-10,50.0,0.63,24.8
2020-11-11,50.0,0.61,23.45
2020-11-12,50.0,0.64,25.35
2020-11-13,50.0,0.65,23.1
2020-11-16,50.0,0.65,22.45
2020-11-17,50.0,0.64,22.71
2020-11-18,50.0,0.62,23.84
2020-11-19,50.0,0.59,23.11
2020-11-20,50.0,0.57,23.7
2020-11-23,50.0,0.56,22.66
2020-11-24,50.0,0.54,21.64
2020-11-25,50.0,0.53,21.25
2020-11-27,50.0,0.51,20.84
2020-11-30,50.0,0.51,20.57
2020-12-01,50.0,0.5,20.77
2020-12-02,50.0,0.5,21.17
2020-12-03,50.0,0.49,21.28
2020-12-04,50.0,0.5,20.79
2020-12-07,50.0,0.48,21.3
2020-12-08,50.0,0.48,20.68
2020-12-09,50.0,0.49,22.27
2020-12-10,50.0,0.5,22.52
2020-12-11,50.0,0.5,23.31
2020-12-14,50.0,0.51,24.72
2020-12-15,50.0,0.53,22.89
2020-12-16,50.0,0.52,22.5
2020-12-17,50.0,0.5,21.93
2020-12-18,50.0,0.51,21.57
2020-12-21,50.0,0.52,25.16
2020-12-22,50.0,0.51,24.23
2020-12-23,50.0,0.52,23.31
2020-12-24,50.0,0.54,21.53
2020-12-28,50.0,0.54,21.7
2020-12-29,50.0,0.55,23.08
2020-12-30,50.0,0.56,22.77
2020-12-31,50.0,0.58,22.75
2021-01-04,50.0,0.59,26.97
2021-01-05,50.0,0.59,25.34
2021-01-06,50.0,0.58,25.07
2021-01-07,50.0,0.57,22.37
2021-01-08,50.0,0.56,21.56
2021-01-11,50.0,0.55,24.08
2021-01-12,50.0,0.53,23.33
2021-01-13,50.0,0.52,22.21
2021-01-14,50.0,0.51,23.25
2021-01-15,50.0,0.52,24.34
2021-01-19,50.0,0.51,23.24
2021-01-20,50.0,0.52,21.58
2021-01-21,50.0,0.52,21.32
2021-01-22,68.0,0.53,21.91
2021-01-25,69.0,0.51,23.19
2021-01-26,67.0,0.49,23.02
2021-01-27,28.0,0.49,37.21
2021-01-28,52.0,0.48,30.21
2021-01-29,40.0,0.51,33.09
2021-02-01,43.0,0.51,30.24
2021-02-02,60.0,0.52,25.56
2021-02-03,59.0,0.53,22.91
2021-02-04,61.0,0.53,21.77
2021-02-05,68.0,0.51,20.87
2021-02-08,72.0,0.5,21.24
2021-02-09,75.0,0.48,21.63
2021-02-10,75.0,0.47,21.99
2021-02-11,76.0,0.46,21.25
2021-02-12,77.0,0.46,19.97
2021-02-16,73.0,0.47,21.46
2021-02-17,70.0,0.48,21.5
2021-02-18,62.0,0.5,22.49
2021-02-19,56.0,0.52,22.05
2021-02-22,52.0,0.53,23.45
2021-02-23,50.0,0.55,23.11
2021-02-24,63.0,0.54,21.34
2021-02-25,46.0,0.55,28.89
2021-02-26,53.0,0.58,27.95
2021-03-01,58.0,0.58,23.35
2021-03-02,50.0,0.57,24.1
2021-03-03,43.0,0.6,26.67
2021-03-04,37.0,0.61,28.57
2021-03-05,41.0,0.62,24.66
2021-03-08,39.0,0.63,25.47
2021-03-09,43.0,0.63,24.03
2021-03-10,45.0,0.62,22.56
2021-03-11,50.0,0.59,21.91
2021-03-12,53.0,0.55,20.69
2021-03-15,56.0,0.53,20.03
2021-03-16,54.0,0.54,19.79
2021-03-17,57.0,0.55,19.23
2021-03-18,52.0,0.55,21.58
2021-03-19,50.0,0.57,20.95
2021-03-22,50.0,0.58,18.88
2021-03-23,41.0,0.6,20.3
2021-03-24,37.0,0.63,21.2
2021-03-25,37.0,0.66,19.81
2021-03-26,37.0,0.68,18.86
2021-03-29,39.0,0.7,20.74
2021-03-30,42.0,0.69,19.61
2021-03-31,44.0,0.66,19.4
2021-04-01,46.0,0.63,17.33
2021-04-05,54.0,0.58,17.91
2021-04-06,53.0,0.56,18.12
2021-04-07,52.0,0.54,17.16
2021-04-08,48.0,0.54,16.95
2021-04-09,47.0,0.54,16.69
2021-04-12,43.0,0.55,16.91
2021-04-13,43.0,0.54,16.65
2021-04-14,39.0,0.54,16.99
2021-04-15,47.0,0.54,16.57
2021-04-16,51.0,0.54,16.25
2021-04-19,45.0,0.56,17.29
2021-04-20,42.0,0.59,18.68
2021-04-21,49.0,0.6,17.5
2021-04-22,46.0,0.61,18.71
2021-04-23,47.0,0.62,17.33
2021-04-26,50.0,0.59,17.64
2021-04-27,54.0,0.57,17.56
2021-04-28,52.0,0.56,17.28
2021-04-29,56.0,0.56,17.61
2021-04-30,46.0,0.57,18.61
2021-05-03,47.0,0.59,18.31
2021-05-04,43.0,0.61,19.48
2021-05-05,43.0,0.62,19.15
2021-05-06,43.0,0.64,18.39
2021-05-07,48.0,0.62,16.69
2021-05-10,44.0,0.64,19.66
2021-05-11,42.0,0.64,21.84
2021-05-12,26.0,0.69,27.59
2021-05-13,34.0,0.7,23.13
2021-05-14,35.0,0.71,18.81
2021-05-17,36.0,0.7,19.72
2021-05-18,34.0,0.68,21.34
2021-05-19,32.0,0.66,22.18
2021-05-20,32.0,0.63,20.67
2021-05-21,29.0,0.62,20.15
2021-05-24,29.0,0.62,18.4
2021-05-25,26.0,0.63,18.84
2021-05-26,28.0,0.58,17.36
2021-05-27,30.0,0.56,16.74
2021-05-28,31.0,0.54,16.76
2021-06-01,35.0,0.52,17.9
2021-06-02,42.0,0.49,17.48
2021-06-03,40.0,0.49,18.04
2021-06-04,41.0,0.5,16.42
2021-06-07,44.0,0.48,16.42
2021-06-08,46.0,0.47,17.07
2021-06-09,48.0,0.46,17.89
2021-06-10,48.0,0.47,16.1
2021-06-11,51.0,0.46,15.65
2021-06-14,54.0,0.47,16.39
2021-06-15,52.0,0.49,17.02
2021-06-16,44.0,0.53,18.15
2021-06-17,42.0,0.53,17.75
2021-06-18,31.0,0.56,20.7
2021-06-21,32.0,0.57,17.89
2021-06-22,32.0,0.58,16.66
2021-06-23,33.0,0.56,16.32
2021-06-24,36.0,0.55,15.97
2021-06-25,41.0,0.52,15.62
2021-06-28,41.0,0.5,15.76
2021-06-29,39.0,0.49,16.02
2021-06-30,38.0,0.49,15.83
2021-07-01,38.0,0.5,15.48
2021-07-02,38.0,0.51,15.07
2021-07-06,33.0,0.54,16.44
2021-07-07,33.0,0.55,16.2
2021-07-08,26.0,0.59,19.0
2021-07-09,31.0,0.6,16.18
2021-07-12,31.0,0.59,16.17
2021-07-13,31.0,0.59,17.12
2021-07-14,29.0,0.59,16.33
2021-07-15,27.0,0.6,17.01
2021-07-16,26.0,0.64,18.45
2021-07-19,8.0,0.69,22.5
2021-07-20,20.0,0.69,19.73
2021-07-21,24.0,0.68,17.91
2021-07-22,24.0,0.66,17.69
2021-07-23,28.0,0.64,17.2
2021-07-26,30.0,0.59,17.58
2021-07-27,27.0,0.62,19.36
2021-07-28,27.0,0.61,18.31
2021-07-29,29.0,0.6,17.7
2021-07-30,25.0,0.61,18.24
2021-08-02,25.0,0.61,19.46
2021-08-03,29.0,0.59,18.04
2021-08-04,28.0,0.59,17.97
2021-08-05,29.0,0.59,17.28
2021-08-06,31.0,0.57,16.15
2021-08-09,32.0,0.57,16.72
2021-08-10,34.0,0.55,16.79
2021-08-11,37.0,0.55,16.06
2021-08-12,43.0,0.56,15.59
2021-08-13,47.0,0.56,15.45
2021-08-16,44.0,0.57,16.12
2021-08-17,31.0,0.6,17.91
2021-08-18,18.0,0.61,21.57
2021-08-19,14.0,0.65,21.67
2021-08-20,23.0,0.67,18.56
2021-08-23,30.0,0.66,17.15
2021-08-24,34.0,0.62,17.22
2021-08-25,36.0,0.6,16.79
2021-08-26,36.0,0.57,18.84
2021-08-27,47.0,0.55,16.39
2021-08-30,47.0,0.54,16.19
2021-08-31,47.0,0.56,16.48
2021-09-01,43.0,0.56,16.11
2021-09-02,44.0,0.53,16.41
2021-09-03,44.0,0.53,16.41
2021-09-07,41.0,0.53,18.14
2021-09-08,38.0,0.54,17.96
2021-09-09,33.0,0.54,18.8
2021-09-10,20.0,0.58,20.95
2021-09-13,28.0,0.59,19.37
2021-09-14,24.0,0.62,19.46
2021-09-15,31.0,0.62,18.18
2021-09-16,31.0,0.63,18.69
2021-09-17,17.0,0.63,20.81
2021-09-20,11.0,0.67,25.71
2021-09-21,11.0,0.67,24.36
2021-09-22,20.0,0.67,20.87
2021-09-23,24.0,0.67,18.63
2021-09-24,23.0,0.68,17.75
2021-09-27,24.0,0.62,18.76
2021-09-28,12.0,0.64,23.25
2021-09-29,12.0,0.65,22.56
2021-09-30,9.0,0.68,23.14
2021-10-01,18.0,0.69,21.15
2021-10-04,9.0,0.71,22.96
2021-10-05,18.0,0.69,21.3
2021-10-06,20.0,0.69,21.0
2021-10-07,24.0,0.68,19.54
2021-10-08,25.0,0.67,18.77
2021-10-11,25.0,0.67,20.0
2021-10-12,22.0,0.67,19.85
2021-10-13,24.0,0.65,18.64
2021-10-14,31.0,0.65,16.86
2021-10-15,43.0,0.63,16.3
2021-10-18,46.0,0.6,16.31
2021-10-19,53.0,0.57,15.7
2021-10-20,56.0,0.55,15.49
2021-10-21,60.0,0.53,15.01
2021-10-22,59.0,0.53,15.43
2021-10-25,62.0,0.52,15.24
2021-10-26,63.0,0.53,15.98
2021-10-27,58.0,0.54,16.98
2021-10-28,64.0,0.53,16.53
2021-10-29,65.0,0.53,16.26
2021-11-01,66.0,0.52,16.41
2021-11-02,68.0,0.51,16.03
2021-11-03,72.0,0.48,15.1
2021-11-04,72.0,0.48,15.44
2021-11-05,73.0,0.47,16.48
2021-11-08,74.0,0.46,17.22
2021-11-09,77.0,0.46,17.78
2021-11-10,73.0,0.49,18.73
2021-11-11,72.0,0.5,17.66
2021-11-12,74.0,0.49,16.29
2021-11-15,71.0,0.51,16.49
2021-11-16,72.0,0.51,16.37
2021-11-17,69.0,0.49,17.11
2021-11-18,70.0,0.49,17.59
2021-11-19,62.0,0.51,17.91
2021-11-22,60.0,0.53,19.17
2021-11-23,60.0,0.57,19.38
2021-11-24,56.0,0.6,18.58
2021-11-26,31.0,0.66,28.62
2021-11-29,38.0,0.67,22.96
2021-11-30,24.0,0.69,27.19
2021-12-01,25.0,0.7,31.12
2021-12-02,22.0,0.73,27.95
2021-12-03,20.0,0.76,30.67
2021-12-06,21.0,0.77,27.18
2021-12-07,37.0,0.76,21.89
2021-12-08,41.0,0.73,19.9
2021-12-09,36.0,0.71,21.58
2021-12-10,42.0,0.65,18.69
2021-12-13,35.0,0.65,20.31
2021-12-14,31.0,0.67,21.89
2021-12-15,37.0,0.7,19.29
2021-12-16,33.0,0.68,20.57
2021-12-17,32.0,0.69,21.57
2021-12-20,29.0,0.69,22.87
2021-12-21,34.0,0.66,21.01
2021-12-22,39.0,0.64,18.63
2021-12-23,50.0,0.62,17.96
2021-12-27,56.0,0.59,17.68
2021-12-28,62.0,0.56,17.54
2021-12-29,64.0,0.57,16.95
2021-12-30,63.0,0.57,17.33
2021-12-31,62.0,0.59,17.22
2022-01-03,65.0,0.58,16.6
2022-01-04,64.0,0.58,16.91
2022-01-05,51.0,0.6,19.73
2022-01-06,52.0,0.62,19.61
2022-01-07,49.0,0.64,18.76
2022-01-10,51.0,0.68,19.4
2022-01-11,56.0,0.68,18.41
2022-01-12,55.0,0.66,17.62
2022-01-13,52.0,0.66,20.31
2022-01-14,55.0,0.69,19.19
2022-01-18,53.0,0.7,22.79
2022-01-19,44.0,0.73,23.85
2022-01-20,39.0,0.78,25.59
2022-01-21,26.0,0.85,28.85
2022-01-24,23.0,0.88,29.9
2022-01-25,20.0,0.88,31.16
2022-01-26,19.0,0.89,31.96
2022-01-27,18.0,0.9,30.49
2022-01-28,23.0,0.88,27.66
2022-01-31,29.0,0.84,24.83
2022-02-01,30.0,0.82,21.96
2022-02-02,28.0,0.82,22.09
2022-02-03,26.0,0.82,24.35
2022-02-04,27.0,0.78,23.22
2022-02-07,27.0,0.76,22.86
2022-02-08,28.0,0.77,21.44
2022-02-09,32.0,0.75,19.96
2022-02-10,33.0,0.72,23.91
2022-02-11,28.0,0.76,27.36
2022-02-14,25.0,0.81,28.33
2022-02-15,29.0,0.81,25.7
2022-02-16,32.0,0.83,24.29
2022-02-17,32.0,0.85,28.11
2022-02-18,29.0,0.87,27.75
2022-02-22,28.0,0.86,28.81
2022-02-23,18.0,0.89,31.02
2022-02-24,21.0,0.93,30.32
2022-02-25,28.0,0.92,27.59
2022-02-28,25.0,0.88,30.15
2022-03-01,22.0,0.86,33.32
2022-03-02,17.0,0.83,30.74
2022-03-03,21.0,0.8,30.48
2022-03-04,18.0,0.82,31.98
2022-03-07,16.0,0.82,36.45
2022-03-08,16.0,0.81,35.13
2022-03-09,18.0,0.81,32.45
2022-03-10,17.0,0.82,30.23
2022-03-11,19.0,0.82,30.75
2022-03-14,17.0,0.86,31.77
2022-03-15,21.0,0.89,29.83
2022-03-16,25.0,0.89,26.67
2022-03-17,33.0,0.87,25.67
2022-03-18,38.0,0.82,23.87
2022-03-21,40.0,0.76,23.53
2022-03-22,44.0,0.71,22.94
2022-03-23,45.0,0.68,23.57
2022-03-24,46.0,0.65,21.67
2022-03-25,49.0,0.66,20.81
2022-03-28,51.0,0.66,19.63
2022-03-29,52.0,0.64,18.9
2022-03-30,52.0,0.65,19.33
2022-03-31,59.0,0.68,20.56
2022-04-01,59.0,0.69,19.63
2022-04-04,61.0,0.68,18.57
2022-04-05,47.0,0.71,21.03
2022-04-06,46.0,0.74,22.1
2022-04-07,46.0,0.74,21.55
2022-04-08,46.0,0.74,21.16
2022-04-11,43.0,0.79,24.37
2022-04-12,42.0,0.78,24.26
2022-04-13,41.0,0.74,21.82
2022-04-14,39.0,0.74,22.7
2022-04-18,37.0,0.74,22.17
2022-04-19,39.0,0.71,21.37
2022-04-20,43.0,0.72,20.32
2022-04-21,38.0,0.77,22.68
2022-04-22,31.0,0.82,28.21
2022-04-25,29.0,0.86,27.02
2022-04-26,17.0,0.9,33.52
2022-04-27,16.0,0.93,31.6
2022-04-28,24.0,0.94,29.99
2022-04-29,14.0,0.92,33.4
2022-05-02,13.0,0.93,32.34
2022-05-03,30.0,0.9,29.25
2022-05-04,22.0,0.88,25.42
2022-05-05,13.0,0.88,31.2
2022-05-06,12.0,0.87,30.19
2022-05-09,8.0,0.89,34.75
2022-05-10,7.0,0.92,32.99
2022-05-11,4.0,0.96,32.56
2022-05-12,3.0,0.98,31.77
2022-05-13,11.0,0.95,28.87
2022-05-16,11.0,0.9,27.47
2022-05-17,15.0,0.88,26.1
2022-05-18,6.0,0.89,30.96
2022-05-19,13.0,0.89,29.35
2022-05-20,12.0,0.93,29.43
2022-05-23,17.0,0.93,28.48
2022-05-24,16.0,0.95,29.45
2022-05-25,17.0,0.91,28.37
2022-05-26,24.0,0.88,27.5
2022-05-27,29.0,0.82,25.72
2022-05-31,40.0,0.82,26.19
2022-06-01,40.0,0.81,25.69
2022-06-02,44.0,0.8,24.72
2022-06-03,35.0,0.82,24.79
2022-06-06,42.0,0.82,25.07
2022-06-07,45.0,0.82,24.02
2022-06-08,48.0,0.78,23.96
2022-06-09,47.0,0.79,26.09
2022-06-10,40.0,0.85,27.75
2022-06-13,25.0,0.95,34.02
2022-06-14,20.0,1.0,32.69
2022-06-15,29.0,1.03,29.62
2022-06-16,17.0,1.1,32.95
2022-06-17,16.0,1.05,31.13
2022-06-21,19.0,0.95,30.19
2022-06-22,26.0,0.93,28.95
2022-06-23,26.0,0.93,29.05
2022-06-24,30.0,0.85,27.23
2022-06-27,30.0,0.82,26.95
2022-06-28,28.0,0.84,28.36
2022-06-29,26.0,0.85,28.16
2022-06-30,24.0,0.87,28.71
2022-07-01,24.0,0.89,26.7
2022-07-05,22.0,0.9,27.54
2022-07-06,22.0,0.89,26.73
2022-07-07,27.0,0.84,26.08
2022-07-08,31.0,0.81,24.64
2022-07-11,30.0,0.83,26.17
2022-07-12,30.0,0.85,27.29
2022-07-13,27.0,0.9,26.82
2022-07-14,26.0,0.94,26.4
2022-07-15,33.0,0.94,24.23
2022-07-18,35.0,0.9,25.3
2022-07-19,39.0,0.88,24.5
2022-07-20,44.0,0.84,23.88
2022-07-21,48.0,0.8,23.11
2022-07-22,42.0,0.83,23.03
2022-07-25,42.0,0.87,23.36
2022-07-26,42.0,0.89,24.69
2022-07-27,46.0,0.91,23.24
2022-07-28,48.0,0.92,22.33
2022-07-29,52.0,0.89,21.33
2022-08-01,59.0,0.87,22.84
2022-08-02,57.0,0.84,23.93
2022-08-03,60.0,0.81,21.95
2022-08-04,61.0,0.78,21.44
2022-08-05,63.0,0.79,21.15
2022-08-08,64.0,0.76,21.29
2022-08-09,64.0,0.77,21.77
2022-08-10,65.0,0.78,19.74
2022-08-11,65.0,0.78,20.2
2022-08-12,68.0,0.77,19.53
2022-08-15,66.0,0.77,19.95
2022-08-16,67.0,0.74,19.69
2022-08-17,67.0,0.74,19.9
2022-08-18,66.0,0.77,19.56
2022-08-19,63.0,0.81,20.6
2022-08-22,60.0,0.86,23.8
2022-08-23,57.0,0.88,24.11
2022-08-24,57.0,0.88,22.82
2022-08-25,58.0,0.87,21.78
2022-08-26,55.0,0.86,25.56
2022-08-29,54.0,0.86,26.21
2022-08-30,49.0,0.89,26.21
2022-08-31,52.0,0.93,25.87
2022-09-01,49.0,0.98,25.56
2022-09-02,42.0,0.99,25.47
2022-09-06,40.0,1.01,26.91
2022-09-07,39.0,1.01,24.64
2022-09-08,40.0,0.98,23.61
2022-09-09,43.0,0.94,22.79
2022-09-12,47.0,0.91,23.87
2022-09-13,36.0,0.92,27.27
2022-09-14,41.0,0.94,26.16
2022-09-15,40.0,0.94,26.27
2022-09-16,35.0,1.01,26.3
2022-09-19,36.0,1.04,25.76
2022-09-20,36.0,1.0,27.16
2022-09-21,27.0,0.98,27.99
2022-09-22,24.0,1.01,27.35
2022-09-23,21.0,1.03,29.92
2022-09-26,17.0,1.06,32.26
2022-09-27,16.0,1.08,32.6
2022-09-28,17.0,1.11,30.18
2022-09-29,13.0,1.1,31.84
2022-09-30,16.0,1.05,31.62
2022-10-03,20.0,1.02,30.1
2022-10-04,27.0,0.97,29.07
2022-10-05,29.0,0.96,28.55
2022-10-06,23.0,0.93,30.52
2022-10-07,19.0,0.92,31.36
2022-10-10,19.0,0.96,32.45
2022-10-11,16.0,0.98,33.63
2022-10-12,15.0,0.99,33.57
2022-10-13,19.0,1.01,31.94
2022-10-14,16.0,1.01,32.02
2022-10-17,23.0,0.98,31.37
2022-10-18,28.0,0.97,30.5
2022-10-19,29.0,0.97,30.76
2022-10-20,39.0,0.95,29.98
2022-10-21,43.0,0.94,29.69
2022-10-24,47.0,0.93,29.85
2022-10-25,51.0,0.9,28.46
2022-10-26,53.0,0.87,27.28
2022-10-27,54.0,0.88,27.39
2022-10-28,57.0,0.89,25.75
2022-10-31,64.0,0.87,25.88
2022-11-01,63.0,0.87,25.81
2022-11-02,55.0,0.9,25.86
2022-11-03,55.0,0.9,25.3
2022-11-04,56.0,0.9,24.55
2022-11-07,59.0,0.89,24.35
2022-11-08,57.0,0.97,25.54
2022-11-09,54.0,0.96,26.09
2022-11-10,60.0,0.92,23.53
2022-11-11,63.0,0.88,22.52
2022-11-14,62.0,0.9,23.73
2022-11-15,66.0,0.82,24.54
2022-11-16,65.0,0.83,24.11
2022-11-17,61.0,0.85,23.93
2022-11-18,60.0,0.88,23.12
2022-11-21,60.0,0.86,22.36
2022-11-22,60.0,0.93,21.29
2022-11-23,64.0,0.89,20.35
2022-11-25,63.0,0.87,20.5
2022-11-28,59.0,0.89,22.21
2022-11-29,58.0,0.91,21.89
2022-11-30,73.0,0.88,20.58
2022-12-01,75.0,0.86,19.84
2022-12-02,68.0,0.87,19.06
2022-12-05,65.0,0.85,20.75
2022-12-06,61.0,0.87,22.17
2022-12-07,58.0,0.91,22.68
2022-12-08,55.0,0.92,22.29
2022-12-09,52.0,0.96,22.83
2022-12-12,57.0,0.94,25.0
2022-12-13,59.0,0.91,22.55
2022-12-14,60.0,0.89,21.14
2022-12-15,60.0,0.92,22.83
2022-12-16,44.0,0.95,22.62
2022-12-19,39.0,1.0,22.42
2022-12-20,38.0,1.01,21.48
2022-12-21,38.0,1.08,20.07
2022-12-22,37.0,1.1,21.97
2022-12-23,39.0,1.06,20.87
2022-12-27,39.0,1.06,21.65
2022-12-28,35.0,1.21,22.14
2022-12-29,37.0,1.13,21.44
2022-12-30,36.0,1.1,21.67
2023-01-03,36.0,1.1,22.9
2023-01-04,39.0,1.14,22.01
2023-01-05,44.0,1.02,22.46
2023-01-06,45.0,1.01,21.13
2023-01-09,47.0,1.0,21.97
2023-01-10,49.0,1.0,20.58
2023-01-11,54.0,0.98,21.09
2023-01-12,56.0,0.95,18.83
2023-01-13,61.0,0.94,18.35
2023-01-17,64.0,0.92,19.36
2023-01-18,58.0,0.97,20.34
2023-01-19,55.0,0.97,20.52
2023-01-20,58.0,0.95,19.85
2023-01-23,63.0,0.94,19.81
2023-01-24,63.0,0.95,19.2
2023-01-25,63.0,0.9,19.08
2023-01-26,68.0,0.87,18.73
2023-01-27,69.0,0.85,18.51
2023-01-30,67.0,0.85,19.94
2023-01-31,70.0,0.85,19.4
2023-02-01,82.0,0.82,17.87
2023-02-02,75.0,0.79,18.73
2023-02-03,76.0,0.81,18.33
2023-02-06,75.0,0.8,19.43
2023-02-07,76.0,0.79,18.66
2023-02-08,74.0,0.78,19.63
2023-02-09,72.0,0.8,20.71
2023-02-10,72.0,0.84,20.53
2023-02-13,71.0,0.86,20.34
2023-02-14,73.0,0.87,18.91
2023-02-15,73.0,0.87,18.23
2023-02-16,70.0,0.88,20.17
2023-02-17,69.0,0.87,20.02
2023-02-21,65.0,0.88,22.87
2023-02-22,64.0,0.89,22.29
2023-02-23,62.0,0.92,21.14
2023-02-24,60.0,0.95,21.67
2023-02-27,61.0,0.96,20.95
2023-02-28,61.0,0.94,20.7
2023-03-01,65.0,0.96,20.58
2023-03-02,52.0,0.97,19.59
2023-03-03,55.0,0.95,18.49
2023-03-06,55.0,0.95,18.61
2023-03-07,48.0,0.99,19.59
2023-03-08,49.0,1.01,19.11
2023-03-09,37.0,1.03,22.61
2023-03-10,26.0,1.11,24.8
2023-03-13,23.0,1.14,26.52
2023-03-14,25.0,1.14,23.73
2023-03-15,22.0,1.16,26.14
2023-03-16,32.0,1.12,22.99
2023-03-17,27.0,1.04,25.51
2023-03-20,30.0,1.0,24.15
2023-03-21,43.0,0.96,21.38
2023-03-22,41.0,0.9,22.26
2023-03-23,38.0,0.94,22.61
2023-03-24,37.0,0.97,21.74
2023-03-27,40.0,0.96,20.6
2023-03-28,39.0,0.96,19.97
2023-03-29,41.0,0.97,19.12
2023-03-30,45.0,0.91,19.02
2023-03-31,49.0,0.88,18.7
2023-04-03,61.0,0.88,18.55
2023-04-04,50.0,0.92,19.0
2023-04-05,52.0,0.9,19.08
2023-04-06,55.0,0.91,18.4
2023-04-10,57.0,0.91,18.97
2023-04-11,58.0,0.89,19.1
2023-04-12,60.0,0.85,19.09
2023-04-13,63.0,0.85,17.8
2023-04-14,65.0,0.85,17.07
2023-04-17,67.0,0.85,16.95
2023-04-18,65.0,0.86,16.83
2023-04-19,67.0,0.88,16.46
2023-04-20,64.0,0.91,17.17
2023-04-21,63.0,0.9,16.77
2023-04-24,63.0,0.9,16.89
2023-04-25,57.0,0.93,18.76
2023-04-26,52.0,0.96,18.84
2023-04-27,58.0,0.93,17.03
2023-04-28,59.0,0.94,15.78
2023-05-01,59.0,0.96,16.08
2023-05-02,55.0,0.95,17.78
2023-05-03,54.0,0.93,18.34
2023-05-04,49.0,0.97,20.09
2023-05-05,53.0,0.96,17.19
2023-05-08,57.0,0.96,16.98
2023-05-09,59.0,0.93,17.71
2023-05-10,59.0,0.91,16.94
2023-05-11,59.0,0.88,16.93
2023-05-12,57.0,0.87,17.03
2023-05-15,57.0,0.87,17.12
2023-05-16,55.0,0.88,17.99
2023-05-17,60.0,0.88,16.87
2023-05-18,64.0,0.88,16.05
2023-05-19,65.0,0.88,16.81
2023-05-22,67.0,0.87,17.21
2023-05-23,65.0,0.85,18.53
2023-05-24,61.0,0.87,20.03
2023-05-25,62.0,0.86,19.14
2023-05-26,65.0,0.84,17.95
2023-05-30,66.0,0.83,17.46
2023-05-31,64.0,0.84,17.94
2023-06-01,68.0,0.78,15.65
2023-06-02,75.0,0.76,14.6
2023-06-05,69.0,0.78,14.73
2023-06-06,73.0,0.76,13.96
2023-06-07,74.0,0.74,13.94
2023-06-08,75.0,0.74,13.65
2023-06-09,76.0,0.74,13.83
2023-06-12,78.0,0.72,15.01
2023-06-13,79.0,0.72,14.61
2023-06-14,79.0,0.73,13.88
2023-06-15,80.0,0.71,14.5
2023-06-16,81.0,0.7,13.54
2023-06-20,80.0,0.72,13.88
2023-06-21,80.0,0.74,13.2
2023-06-22,80.0,0.74,12.91
2023-06-23,75.0,0.76,13.44
2023-06-26,73.0,0.78,14.25
2023-06-27,75.0,0.78,13.74
2023-06-28,76.0,0.78,13.43
2023-06-29,79.0,0.77,13.54
2023-06-30,79.0,0.75,13.59
2023-07-03,82.0,0.73,13.57
2023-07-05,79.0,0.75,14.18
2023-07-06,77.0,0.76,15.44
2023-07-07,77.0,0.75,14.83
2023-07-10,76.0,0.74,15.07
2023-07-11,78.0,0.73,14.84
2023-07-12,78.0,0.7,13.54
2023-07-13,79.0,0.67,13.61
2023-07-14,79.0,0.66,13.34
2023-07-17,80.0,0.66,13.48
2023-07-18,81.0,0.67,13.3
2023-07-19,82.0,0.65,13.76
2023-07-20,80.0,0.67,13.99
2023-07-21,81.0,0.69,13.6
2023-07-24,82.0,0.71,13.91
2023-07-25,81.0,0.74,13.86
2023-07-26,80.0,0.77,13.19
2023-07-27,77.0,0.78,14.41
2023-07-28,76.0,0.78,13.33
2023-07-31,77.0,0.77,13.63
2023-08-01,77.0,0.77,13.93
2023-08-02,77.0,0.79,16.09
2023-08-03,73.0,0.8,15.92
2023-08-04,64.0,0.81,17.1
2023-08-07,72.0,0.84,15.77
2023-08-08,69.0,0.86,15.99
2023-08-09,67.0,0.86,15.96
2023-08-10,66.0,0.86,15.85
2023-08-11,65.0,0.88,14.84
2023-08-14,66.0,0.88,14.82
2023-08-15,54.0,0.9,16.46
2023-08-16,49.0,0.95,16.78
2023-08-17,46.0,0.98,17.89
2023-08-18,43.0,1.0,17.3
2023-08-21,43.0,1.0,17.13
2023-08-22,43.0,0.97,16.97
2023-08-23,50.0,0.95,15.98
2023-08-24,40.0,0.94,17.2
2023-08-25,47.0,0.93,15.68
2023-08-28,45.0,0.96,15.08
2023-08-29,49.0,0.96,14.45
2023-08-30,50.0,0.95,13.88
2023-08-31,52.0,0.92,13.57
2023-09-01,55.0,0.89,13.09
2023-09-05,59.0,0.88,14.01
2023-09-06,56.0,0.91,14.45
2023-09-07,53.0,0.92,14.4
2023-09-08,51.0,0.93,13.84
2023-09-11,52.0,0.92,13.8
2023-09-12,51.0,0.93,14.23
2023-09-13,51.0,0.94,13.48
2023-09-14,54.0,0.93,12.82
2023-09-15,52.0,0.94,13.79
2023-09-18,49.0,0.95,14.0
2023-09-19,49.0,0.95,14.11
2023-09-20,48.0,0.9,15.14
2023-09-21,37.0,0.93,17.54
2023-09-22,33.0,0.95,17.2
2023-09-25,38.0,0.98,16.9
2023-09-26,24.0,1.03,18.94
2023-09-27,22.0,1.08,18.22
2023-09-28,29.0,1.06,17.34
2023-09-29,28.0,1.05,17.52
2023-10-02,28.0,1.03,17.61
2023-10-03,20.0,1.02,19.78
2023-10-04,20.0,1.05,18.58
2023-10-05,20.0,1.06,18.49
2023-10-06,27.0,1.05,17.45
2023-10-09,29.0,1.03,17.7
2023-10-10,32.0,1.0,17.03
2023-10-11,34.0,0.94,16.09
2023-10-12,35.0,0.92,16.69
2023-10-13,26.0,0.94,19.32
2023-10-16,35.0,0.97,17.21
2023-10-17,39.0,0.98,17.88
2023-10-18,30.0,1.02,19.22
2023-10-19,29.0,1.04,21.4
2023-10-20,22.0,1.06,21.71
2023-10-23,25.0,1.04,20.37
2023-10-24,33.0,1.01,18.97
2023-10-25,25.0,0.97,20.19
2023-10-26,22.0,0.95,20.68
2023-10-27,21.0,0.95,21.27
2023-10-30,29.0,0.96,19.75
2023-10-31,30.0,1.0,18.14
2023-11-01,32.0,1.02,16.87
2023-11-02,37.0,1.0,15.66
2023-11-03,36.0,0.95,14.91
2023-11-06,38.0,0.93,14.89
2023-11-07,39.0,0.92,14.81
2023-11-08,39.0,0.9,14.45
2023-11-09,41.0,0.91,15.29
2023-11-10,41.0,0.95,14.17
2023-11-13,39.0,0.94,14.76
2023-11-14,46.0,0.91,14.16
2023-11-15,52.0,0.86,14.18
2023-11-16,55.0,0.85,14.32
2023-11-17,58.0,0.82,13.8
2023-11-20,61.0,0.79,13.41
2023-11-21,61.0,0.8,13.35
2023-11-22,65.0,0.81,12.85
2023-11-24,66.0,0.8,12.46
2023-11-27,65.0,0.82,12.69
2023-11-28,65.0,0.81,12.69
2023-11-29,63.0,0.8,12.98
2023-11-30,64.0,0.8,12.92
2023-12-01,64.0,0.78,12.63
2023-12-04,63.0,0.75,13.08
2023-12-05,65.0,0.75,12.85
2023-12-06,63.0,0.76,12.97
2023-12-07,66.0,0.77,13.06
2023-12-08,65.0,0.78,12.35
2023-12-11,67.0,0.79,12.63
2023-12-12,67.0,0.79,12.07
2023-12-13,67.0,0.77,12.19
2023-12-14,70.0,0.71,12.48
2023-12-15,69.0,0.69,12.28
2023-12-18,70.0,0.67,12.56
2023-12-19,82.0,0.64,12.53
2023-12-20,75.0,0.67,13.67
2023-12-21,77.0,0.73,13.65
2023-12-22,79.0,0.74,13.03
2023-12-26,81.0,0.75,12.99
2023-12-27,81.0,0.79,12.43
2023-12-28,81.0,0.77,12.47
2023-12-29,80.0,0.75,12.45
2024-01-02,79.0,0.75,13.2
2024-01-03,76.0,0.78,14.04
2024-01-04,78.0,0.79,14.13
2024-01-05,75.0,0.82,13.35
2024-01-08,76.0,0.82,13.08
2024-01-09,75.0,0.82,12.76
2024-01-10,76.0,0.82,12.69
2024-01-11,74.0,0.82,12.44
2024-01-12,73.0,0.82,12.7
2024-01-16,72.0,0.84,13.84
2024-01-17,57.0,0.94,14.79
2024-01-18,66.0,0.92,14.13
2024-01-19,72.0,0.91,13.3
2024-01-22,72.0,0.86,13.19
2024-01-23,70.0,0.83,12.55
2024-01-24,72.0,0.73,13.14
2024-01-25,73.0,0.72,13.45
2024-01-26,73.0,0.73,13.26
2024-01-29,74.0,0.75,13.6
2024-01-30,74.0,0.75,13.31
2024-01-31,64.0,0.76,14.35
2024-02-01,72.0,0.78,13.88
2024-02-02,74.0,0.77,13.85
2024-02-05,73.0,0.77,13.67
2024-02-06,73.0,0.76,13.06
2024-02-07,73.0,0.75,12.83
2024-02-08,74.0,0.72,12.79
2024-02-09,75.0,0.7,12.93
2024-02-12,75.0,0.68,13.93
2024-02-13,66.0,0.72,15.85
2024-02-14,67.0,0.72,14.38
2024-02-15,73.0,0.72,14.01
2024-02-16,73.0,0.73,14.24
2024-02-20,63.0,0.75,15.42
2024-02-21,63.0,0.74,15.34
2024-02-22,73.0,0.73,14.54
2024-02-23,73.0,0.74,13.75
2024-02-26,71.0,0.75,13.74
2024-02-27,75.0,0.73,13.43
2024-02-28,76.0,0.72,13.84
2024-02-29,77.0,0.7,13.4
2024-03-01,76.0,0.7,13.11
2024-03-04,79.0,0.69,13.49
2024-03-05,76.0,0.71,14.46
2024-03-06,72.0,0.71,14.5
2024-03-07,73.0,0.72,14.44
2024-03-08,70.0,0.72,14.74
2024-03-11,62.0,0.74,15.22
2024-03-12,72.0,0.75,13.84
2024-03-13,71.0,0.75,13.75
2024-03-14,70.0,0.77,14.4
2024-03-15,68.0,0.78,14.41
2024-03-18,70.0,0.78,14.33
2024-03-19,70.0,0.78,13.82
2024-03-20,69.0,0.79,13.04
2024-03-21,71.0,0.78,12.92
2024-03-22,69.0,0.8,13.06
2024-03-25,67.0,0.8,13.19
2024-03-26,67.0,0.77,13.24
2024-03-27,69.0,0.76,12.78
2024-03-28,68.0,0.75,13.01
2024-04-01,71.0,0.72,13.65
2024-04-02,71.0,0.73,14.61
2024-04-03,69.0,0.74,14.33
2024-04-04,53.0,0.76,16.35
2024-04-05,58.0,0.8,16.03
2024-04-08,64.0,0.8,15.19
2024-04-09,59.0,0.8,14.98
2024-04-10,49.0,0.85,15.8
2024-04-11,56.0,0.86,14.91
2024-04-12,45.0,0.83,17.31
2024-04-15,38.0,0.86,19.23
2024-04-16,35.0,0.9,18.4
2024-04-17,31.0,0.94,18.21
2024-04-18,30.0,0.95,18.0
2024-04-19,27.0,0.99,18.71
2024-04-22,34.0,0.97,16.94
2024-04-23,36.0,0.96,15.69
2024-04-24,37.0,0.9,15.97
2024-04-25,39.0,0.88,15.37
2024-04-26,40.0,0.83,15.03
2024-04-29,42.0,0.81,14.67
2024-04-30,40.0,0.8,15.65
2024-05-01,40.0,0.8,15.39
2024-05-02,42.0,0.77,14.68
2024-05-03,43.0,0.78,13.49
2024-05-06,39.0,0.8,13.49
2024-05-07,37.0,0.82,13.23
2024-05-08,38.0,0.8,13.0
2024-05-09,42.0,0.79,12.69
2024-05-10,46.0,0.79,12.55
2024-05-13,48.0,0.75,13.6
2024-05-14,55.0,0.71,13.42
2024-05-15,59.0,0.7,12.45
2024-05-16,62.0,0.7,12.42
2024-05-17,62.0,0.69,11.99
2024-05-20,60.0,0.71,12.15
2024-05-21,59.0,0.72,11.86
2024-05-22,58.0,0.72,12.29
2024-05-23,52.0,0.74,12.77
2024-05-24,51.0,0.77,11.93
2024-05-28,54.0,0.76,12.92
2024-05-29,49.0,0.8,14.28
2024-05-30,45.0,0.8,14.47
2024-05-31,48.0,0.77,12.92
2024-06-03,45.0,0.75,13.11
2024-06-04,47.0,0.78,13.16
2024-06-05,51.0,0.75,12.63
2024-06-06,45.0,0.74,12.58
2024-06-07,43.0,0.76,12.22
2024-06-10,44.0,0.75,12.74
2024-06-11,44.0,0.72,12.85
2024-06-12,46.0,0.7,12.04
2024-06-13,44.0,0.71,11.94
2024-06-14,41.0,0.71,12.66
2024-06-17,43.0,0.72,12.75
2024-06-18,41.0,0.71,12.3
2024-06-20,38.0,0.73,13.28
2024-06-21,39.0,0.73,13.2
2024-06-24,37.0,0.71,13.33
2024-06-25,37.0,0.71,12.84
2024-06-26,40.0,0.71,12.55
2024-06-27,45.0,0.69,12.24
2024-06-28,44.0,0.69,12.44
2024-07-01,47.0,0.69,12.22
2024-07-02,49.0,0.69,12.03
2024-07-03,48.0,0.69,12.09
2024-07-05,49.0,0.67,12.48
2024-07-08,51.0,0.65,12.37
2024-07-09,50.0,0.63,12.51
2024-07-10,54.0,0.61,12.85
2024-07-11,49.0,0.62,12.92
2024-07-12,54.0,0.62,12.46
2024-07-15,57.0,0.63,13.12
2024-07-16,57.0,0.63,13.19
2024-07-17,46.0,0.64,14.48
2024-07-18,45.0,0.66,15.93
2024-07-19,43.0,0.68,16.52
2024-07-22,48.0,0.7,14.91
2024-07-23,46.0,0.72,14.72
2024-07-24,38.0,0.74,18.04
2024-07-25,39.0,0.74,18.46
2024-07-26,42.0,0.75,16.39
2024-07-29,42.0,0.76,16.6
2024-07-30,40.0,0.78,17.69
2024-07-31,46.0,0.76,16.36
2024-08-01,32.0,0.77,18.59
2024-08-02,27.0,0.8,23.39
2024-08-05,16.0,0.86,38.57
2024-08-06,23.0,0.88,27.71
2024-08-07,19.0,0.92,27.85
2024-08-08,23.0,0.93,23.79
2024-08-09,23.0,0.91,20.37
2024-08-12,21.0,0.87,20.71
2024-08-13,25.0,0.86,18.12
2024-08-14,27.0,0.82,16.19
2024-08-15,33.0,0.8,15.23
2024-08-16,35.0,0.78,14.8
2024-08-19,46.0,0.73,14.65
2024-08-20,47.0,0.71,15.88
2024-08-21,51.0,0.7,16.27
2024-08-22,48.0,0.69,17.55
2024-08-23,54.0,0.69,15.86
2024-08-26,43.0,0.7,16.15
2024-08-27,55.0,0.71,15.43
2024-08-28,56.0,0.73,17.11
2024-08-29,60.0,0.72,15.65
2024-08-30,62.0,0.73,15.0
2024-09-03,54.0,0.74,20.72
2024-09-04,49.0,0.76,21.32
2024-09-05,47.0,0.79,19.9
2024-09-06,39.0,0.81,22.38
2024-09-09,40.0,0.84,19.45
2024-09-10,38.0,0.86,19.08
2024-09-11,39.0,0.85,17.69
2024-09-12,44.0,0.83,17.07
2024-09-13,47.0,0.79,16.56
2024-09-16,54.0,0.77,17.14
2024-09-17,55.0,0.74,17.61
2024-09-18,60.0,0.73,18.23
2024-09-19,65.0,0.72,16.33
2024-09-20,63.0,0.74,16.15
2024-09-23,65.0,0.73,15.89
2024-09-24,66.0,0.72,15.39
2024-09-25,67.0,0.72,15.41
2024-09-26,68.0,0.67,15.37
2024-09-27,72.0,0.66,16.96
2024-09-30,73.0,0.65,16.73
2024-10-01,67.0,0.66,19.26
2024-10-02,69.0,0.65,18.9
2024-10-03,71.0,0.69,20.49
2024-10-04,73.0,0.7,19.21
2024-10-07,69.0,0.7,22.64
2024-10-08,70.0,0.7,21.42
2024-10-09,71.0,0.72,20.86
2024-10-10,69.0,0.72,20.93
2024-10-11,74.0,0.7,20.46
2024-10-14,75.0,0.7,19.7
2024-10-15,66.0,0.7,20.64
2024-10-16,69.0,0.68,19.58
2024-10-17,70.0,0.68,19.11
2024-10-18,74.0,0.66,18.03
2024-10-21,70.0,0.69,18.37
2024-10-22,67.0,0.69,18.2
2024-10-23,62.0,0.7,19.24
2024-10-24,61.0,0.69,19.08
2024-10-25,60.0,0.72,20.33
2024-10-28,60.0,0.71,19.8
2024-10-29,57.0,0.71,19.34
2024-10-30,54.0,0.71,20.35
2024-10-31,46.0,0.71,23.16
2024-11-01,44.0,0.72,21.88
2024-11-04,41.0,0.74,21.98
2024-11-05,47.0,0.76,20.49
2024-11-06,58.0,0.75,16.27
2024-11-07,58.0,0.73,15.2
2024-11-08,62.0,0.7,14.94
2024-11-11,67.0,0.65,14.97
